id_producto_pasivo,id_producto_banco,id_cliente,numero_cuenta,saldo_actual,cuota_manejo,fecha_apertura
20000,4,7702,4093550000000000,2244000,0,2023-09-08 00:00:00
20001,2,5474,4093550000001680,24417000,0,2023-04-06 00:00:00
20002,1,1764,4093550000011544,29874000,8900,2023-08-14 00:00:00
20003,1,5445,4093550000011651,19187000,0,2023-06-09 00:00:00
20004,3,9717,4093550000017166,680283000,15000,2024-01-03 00:00:00
20005,4,9015,4093550000027058,1886000,0,2024-07-03 00:00:00
20006,2,9015,4093550000033260,124667000,8900,2023-03-22 00:00:00
20007,2,8774,4093550000039186,42911000,0,2023-10-24 00:00:00
20008,1,6526,4093550000040841,36494000,8900,2023-06-16 00:00:00
20009,4,6526,4093550000045216,9367000,0,2024-12-19 00:00:00
20010,3,9028,4093550000046386,226909000,15000,2024-01-24 00:00:00
20011,2,3949,4093550000055512,41015000,8900,2023-02-02 00:00:00
20012,4,6619,4093550000056597,1327000,0,2024-02-10 00:00:00
20013,2,6975,4093550000064115,3760000,8900,2024-07-28 00:00:00
20014,2,2455,4093550000071135,2727000,8900,2024-06-05 00:00:00
20015,4,2455,4093550000071907,314000,0,2023-04-23 00:00:00
20016,4,7500,4093550000074529,1992000,0,2024-09-02 00:00:00
20017,3,7500,4093550000083199,155662000,15000,2023-09-15 00:00:00
20018,1,5784,4093550000083388,22303000,8900,2023-04-25 00:00:00
20019,2,1445,4093550000090822,87246000,0,2024-06-03 00:00:00
20020,3,6773,4093550000095712,1144897000,15000,2024-07-06 00:00:00
20021,4,2173,4093550000104402,2787000,0,2023-04-25 00:00:00
20022,2,2665,4093550000109441,81878000,8900,2023-03-29 00:00:00
20023,1,4955,4093550000118169,133000,0,2024-07-16 00:00:00
20024,4,1190,4093550000128108,2055000,0,2023-11-16 00:00:00
20025,1,1190,4093550000134227,693000,8900,2024-03-24 00:00:00
20026,2,9662,4093550000137909,2208000,0,2024-08-25 00:00:00
20027,3,4434,4093550000138874,258000,15000,2023-03-14 00:00:00
20028,4,3123,4093550000143437,5768000,0,2024-08-07 00:00:00
20029,1,3123,4093550000147419,20255000,8900,2024-04-29 00:00:00
20030,1,6473,4093550000149008,101495000,0,2024-04-23 00:00:00
20031,4,6473,4093550000150621,6048000,0,2023-03-04 00:00:00
20032,4,7527,4093550000156181,4494000,0,2024-07-03 00:00:00
20033,4,1302,4093550000163094,2221000,0,2023-03-19 00:00:00
20034,2,5576,4093550000172111,84000,0,2023-04-06 00:00:00
20035,3,3366,4093550000180068,312494000,15000,2023-06-18 00:00:00
20036,1,3366,4093550000186465,29597000,8900,2023-09-29 00:00:00
20037,3,3652,4093550000195571,155306000,15000,2023-08-11 00:00:00
20038,4,3652,4093550000205061,131000,0,2024-07-09 00:00:00
20039,4,8459,4093550000210200,6896000,0,2024-05-29 00:00:00
20040,2,3203,4093550000218902,89863000,0,2023-07-10 00:00:00
20041,2,6298,4093550000222756,31350000,0,2024-08-15 00:00:00
20042,4,6298,4093550000229625,2923000,0,2024-11-04 00:00:00
20043,4,3981,4093550000238191,1402000,0,2023-09-02 00:00:00
20044,2,3981,4093550000240336,2340000,8900,2024-11-18 00:00:00
20045,2,6089,4093550000241525,2579000,0,2023-03-17 00:00:00
20046,3,6312,4093550000243696,201930000,15000,2023-10-19 00:00:00
20047,2,6312,4093550000252597,92334000,8900,2024-12-21 00:00:00
20048,2,5947,4093550000261264,59000,8900,2023-05-18 00:00:00
20049,4,6797,4093550000263018,3066000,0,2023-12-18 00:00:00
20050,2,5194,4093550000267344,24906000,8900,2024-10-11 00:00:00
20051,4,5194,4093550000268067,1002000,0,2023-01-04 00:00:00
20052,1,4669,4093550000270211,281000,8900,2024-07-18 00:00:00
20053,4,4669,4093550000272044,473000,0,2023-03-19 00:00:00
20054,2,9098,4093550000274487,5620000,0,2024-03-16 00:00:00
20055,2,2913,4093550000280462,54021000,0,2024-11-13 00:00:00
20056,4,3810,4093550000289636,4408000,0,2023-07-01 00:00:00
20057,3,3810,4093550000290043,297260000,15000,2023-07-03 00:00:00
20058,3,5274,4093550000295486,143093000,15000,2024-12-19 00:00:00
20059,1,5274,4093550000296121,31137000,0,2024-04-26 00:00:00
20060,2,5569,4093550000303663,60672000,0,2023-01-25 00:00:00
20061,4,5569,4093550000308228,14504000,0,2023-03-13 00:00:00
20062,1,8524,4093550000312802,26434000,0,2023-01-29 00:00:00
20063,2,8524,4093550000317082,2109000,8900,2023-07-02 00:00:00
20064,1,1813,4093550000326857,58702000,0,2024-03-22 00:00:00
20065,2,1813,4093550000336304,8091000,8900,2023-07-14 00:00:00
20066,1,1955,4093550000343449,312000,8900,2023-03-13 00:00:00
20067,1,4426,4093550000345491,70175000,8900,2023-12-01 00:00:00
20068,2,4426,4093550000354575,42914000,0,2023-05-11 00:00:00
20069,4,3780,4093550000360787,2880000,0,2023-11-08 00:00:00
20070,1,9669,4093550000367831,51851000,0,2024-11-22 00:00:00
20071,3,9669,4093550000370612,81564000,15000,2024-11-05 00:00:00
20072,3,3503,4093550000379058,130984000,15000,2023-08-19 00:00:00
20073,2,3503,4093550000381473,5652000,0,2023-01-26 00:00:00
20074,3,3934,4093550000389258,316423000,15000,2024-12-14 00:00:00
20075,4,7257,4093550000395806,5840000,0,2023-04-20 00:00:00
20076,2,2949,4093550000399392,14634000,8900,2023-05-05 00:00:00
20077,1,7169,4093550000407005,134735000,8900,2024-07-15 00:00:00
20078,2,7169,4093550000414783,113139000,8900,2024-04-05 00:00:00
20079,1,6275,4093550000419327,18353000,8900,2023-03-21 00:00:00
20080,3,6275,4093550000424830,536886000,15000,2023-11-24 00:00:00
20081,3,4696,4093550000426151,134952000,15000,2024-12-11 00:00:00
20082,1,8618,4093550000429657,208000,8900,2024-07-09 00:00:00
20083,2,5132,4093550000433046,10063000,8900,2024-08-12 00:00:00
20084,1,5132,4093550000438810,17216000,8900,2023-11-02 00:00:00
20085,3,8086,4093550000445676,396229000,15000,2024-03-22 00:00:00
20086,2,7357,4093550000452048,49055000,0,2024-04-23 00:00:00
20087,1,7357,4093550000460800,30003000,8900,2023-01-28 00:00:00
20088,3,2996,4093550000461245,54473000,15000,2023-07-06 00:00:00
20089,1,3170,4093550000467457,140000,8900,2023-12-12 00:00:00
20090,3,3170,4093550000474364,418000,15000,2023-09-16 00:00:00
20091,3,4900,4093550000482070,68865000,15000,2024-10-27 00:00:00
20092,4,3517,4093550000482730,2298000,0,2024-09-28 00:00:00
20093,2,2661,4093550000484799,38578000,8900,2024-04-21 00:00:00
20094,4,2661,4093550000487549,3040000,0,2024-09-12 00:00:00
20095,2,7215,4093550000489426,2044000,8900,2023-11-16 00:00:00
20096,3,4420,4093550000492676,726488000,15000,2024-12-01 00:00:00
20097,1,7325,4093550000494660,6103000,8900,2024-11-08 00:00:00
20098,3,9581,4093550000500251,769218000,15000,2024-03-19 00:00:00
20099,3,7862,4093550000507784,972716000,15000,2024-09-22 00:00:00
20100,1,1967,4093550000516602,4171000,0,2023-11-27 00:00:00
20101,3,1967,4093550000518022,4420000,15000,2023-10-13 00:00:00
20102,3,1875,4093550000522018,4270000,15000,2024-05-21 00:00:00
20103,1,1875,4093550000524998,1839000,0,2024-05-14 00:00:00
20104,1,2639,4093550000529231,39230000,0,2024-07-23 00:00:00
20105,2,2639,4093550000532362,54286000,0,2023-03-29 00:00:00
20106,1,8119,4093550000540367,47000,0,2024-04-03 00:00:00
20107,1,5457,4093550000543998,43412000,8900,2024-04-29 00:00:00
20108,3,5457,4093550000553016,291171000,15000,2023-12-05 00:00:00
20109,4,6099,4093550000560451,3609000,0,2023-05-04 00:00:00
20110,1,6099,4093550000565621,10386000,0,2023-05-03 00:00:00
20111,2,6119,4093550000573555,37047000,0,2023-10-31 00:00:00
20112,4,6119,4093550000578508,7085000,0,2023-01-15 00:00:00
20113,3,4936,4093550000580582,378195000,15000,2024-12-15 00:00:00
20114,2,4936,4093550000588625,29129000,0,2023-04-16 00:00:00
20115,3,9092,4093550000596316,47872000,15000,2023-02-22 00:00:00
20116,1,9092,4093550000604144,8613000,0,2023-04-27 00:00:00
20117,3,9753,4093550000605358,238549000,15000,2023-03-29 00:00:00
20118,1,7521,4093550000607299,15570000,8900,2024-04-06 00:00:00
20119,4,7521,4093550000616942,1534000,0,2024-03-15 00:00:00
20120,4,1415,4093550000617929,991000,0,2023-09-28 00:00:00
20121,4,9376,4093550000620503,15000,0,2023-06-10 00:00:00
20122,2,3730,4093550000627885,70744000,8900,2023-10-23 00:00:00
20123,4,3730,4093550000635324,6879000,0,2023-03-14 00:00:00
20124,2,3221,4093550000639659,90979000,0,2024-10-25 00:00:00
20125,3,9354,4093550000641990,602932000,15000,2024-09-01 00:00:00
20126,3,1522,4093550000651316,189414000,15000,2024-12-06 00:00:00
20127,2,1522,4093550000657911,33394000,8900,2023-10-06 00:00:00
20128,1,3938,4093550000667710,14000,8900,2024-09-10 00:00:00
20129,2,3136,4093550000671461,7833000,8900,2023-06-29 00:00:00
20130,1,3566,4093550000678707,48484000,8900,2024-10-12 00:00:00
20131,4,3566,4093550000686408,2048000,0,2023-12-23 00:00:00
20132,1,3468,4093550000691669,29889000,8900,2024-12-11 00:00:00
20133,3,8028,4093550000698231,136077000,15000,2023-09-16 00:00:00
20134,3,8154,4093550000704854,87766000,15000,2023-07-12 00:00:00
20135,3,1399,4093550000713022,61095000,15000,2024-07-16 00:00:00
20136,2,1399,4093550000717742,6950000,8900,2024-03-24 00:00:00
20137,3,7528,4093550000727718,498469000,15000,2024-07-19 00:00:00
20138,2,7047,4093550000731400,51624000,8900,2024-05-25 00:00:00
20139,3,2659,4093550000735880,447743000,15000,2024-04-12 00:00:00
20140,1,2659,4093550000742165,86607000,0,2023-07-15 00:00:00
20141,1,8865,4093550000746692,21823000,8900,2023-01-03 00:00:00
20142,2,8865,4093550000756309,25978000,8900,2024-08-16 00:00:00
20143,1,2283,4093550000763626,130636000,8900,2024-04-11 00:00:00
20144,4,2283,4093550000767539,5754000,0,2024-08-08 00:00:00
20145,1,2932,4093550000774270,148279000,8900,2024-01-26 00:00:00
20146,3,1021,4093550000776763,350934000,15000,2023-04-13 00:00:00
20147,2,1021,4093550000783977,1752000,8900,2023-04-13 00:00:00
20148,3,1274,4093550000786339,280771000,15000,2023-09-29 00:00:00
20149,4,1274,4093550000792852,817000,0,2024-10-27 00:00:00
20150,1,2615,4093550000798236,62320000,0,2024-07-08 00:00:00
20151,2,2615,4093550000802083,99746000,8900,2024-10-08 00:00:00
20152,2,5875,4093550000803564,35006000,0,2024-03-30 00:00:00
20153,4,5875,4093550000804039,1629000,0,2023-02-17 00:00:00
20154,1,5053,4093550000804959,53820000,0,2023-05-30 00:00:00
20155,4,5053,4093550000814232,7928000,0,2024-11-29 00:00:00
20156,4,9687,4093550000817018,6836000,0,2024-09-26 00:00:00
20157,1,6995,4093550000825172,334000,8900,2024-04-15 00:00:00
20158,3,4868,4093550000832795,4939000,15000,2023-12-20 00:00:00
20159,4,4868,4093550000837697,4814000,0,2024-10-16 00:00:00
20160,4,4941,4093550000841795,1613000,0,2024-05-09 00:00:00
20161,2,4941,4093550000848044,86860000,8900,2024-08-08 00:00:00
20162,3,1519,4093550000852882,694078000,15000,2024-08-02 00:00:00
20163,4,1006,4093550000853686,6372000,0,2023-08-13 00:00:00
20164,2,1006,4093550000857793,63382000,0,2024-11-25 00:00:00
20165,3,8715,4093550000858439,45152000,15000,2023-05-15 00:00:00
20166,2,8715,4093550000863275,9606000,8900,2023-12-01 00:00:00
20167,4,1196,4093550000865441,4837000,0,2024-05-08 00:00:00
20168,2,1196,4093550000870277,23948000,0,2023-12-13 00:00:00
20169,1,1106,4093550000871511,5425000,8900,2024-07-24 00:00:00
20170,2,5686,4093550000877976,20234000,8900,2024-04-10 00:00:00
20171,2,5870,4093550000882272,62525000,0,2024-04-27 00:00:00
20172,4,5870,4093550000891471,9154000,0,2023-12-02 00:00:00
20173,1,4978,4093550000895098,12993000,8900,2024-10-26 00:00:00
20174,4,6806,4093550000895841,2359000,0,2023-04-10 00:00:00
20175,1,2029,4093550000904649,29780000,8900,2024-11-17 00:00:00
20176,4,7461,4093550000907181,260000,0,2023-10-14 00:00:00
20177,3,7461,4093550000913252,2273000,15000,2023-08-11 00:00:00
20178,4,9693,4093550000917121,9018000,0,2024-07-11 00:00:00
20179,2,9693,4093550000922998,28674000,8900,2023-03-04 00:00:00
20180,2,5802,4093550000925000,348000,0,2024-10-19 00:00:00
20181,4,5802,4093550000930465,4945000,0,2023-09-07 00:00:00
20182,2,8775,4093550000939716,81586000,0,2024-08-23 00:00:00
20183,4,1087,4093550000943534,8586000,0,2023-10-11 00:00:00
20184,1,1087,4093550000945905,80154000,8900,2023-05-14 00:00:00
20185,3,9636,4093550000947707,98328000,15000,2023-09-01 00:00:00
20186,2,5076,4093550000947966,15168000,0,2024-03-07 00:00:00
20187,2,3391,4093550000955769,141894000,0,2024-04-07 00:00:00
20188,1,3391,4093550000956480,69519000,8900,2024-11-05 00:00:00
20189,1,7427,4093550000956991,14785000,0,2024-12-03 00:00:00
20190,3,9841,4093550000964259,6931000,15000,2023-03-09 00:00:00
20191,1,2771,4093550000973850,16228000,8900,2024-04-09 00:00:00
20192,2,2771,4093550000975725,65365000,0,2024-11-01 00:00:00
20193,1,6006,4093550000979469,1631000,0,2024-03-01 00:00:00
20194,4,6006,4093550000984590,1349000,0,2024-11-12 00:00:00
20195,2,8341,4093550000987091,49000,8900,2023-04-06 00:00:00
20196,3,8341,4093550000993197,279000,15000,2023-05-14 00:00:00
20197,4,2715,4093550001002806,1883000,0,2024-11-12 00:00:00
20198,3,2715,4093550001009736,155260000,15000,2023-02-22 00:00:00
20199,2,8879,4093550001019574,23588000,8900,2023-06-08 00:00:00
20200,4,8879,4093550001021348,8456000,0,2023-12-25 00:00:00
20201,2,9695,4093550001027371,91936000,0,2024-03-15 00:00:00
20202,1,7505,4093550001031753,2407000,8900,2023-12-14 00:00:00
20203,2,9279,4093550001034101,38555000,0,2023-04-04 00:00:00
20204,3,9279,4093550001041534,138566000,15000,2023-12-16 00:00:00
20205,2,3219,4093550001046640,3402000,0,2023-06-11 00:00:00
20206,3,3219,4093550001051099,3343000,15000,2024-03-29 00:00:00
20207,3,1560,4093550001059057,149874000,15000,2024-06-08 00:00:00
20208,1,1560,4093550001066101,102215000,8900,2023-04-24 00:00:00
20209,2,2719,4093550001075819,2257000,0,2024-02-09 00:00:00
20210,4,2719,4093550001080758,7677000,0,2023-08-05 00:00:00
20211,2,3904,4093550001084945,9609000,8900,2024-05-24 00:00:00
20212,4,3904,4093550001091175,3521000,0,2024-06-29 00:00:00
20213,3,3829,4093550001099372,37209000,15000,2024-03-22 00:00:00
20214,4,3829,4093550001100648,8643000,0,2023-11-17 00:00:00
20215,3,3433,4093550001110043,11000,15000,2024-02-19 00:00:00
20216,1,3433,4093550001115365,416000,8900,2023-06-25 00:00:00
20217,2,5428,4093550001121294,26674000,8900,2024-03-22 00:00:00
20218,4,4624,4093550001127779,778000,0,2023-06-22 00:00:00
20219,2,4624,4093550001129648,90733000,0,2024-06-27 00:00:00
20220,4,8698,4093550001135373,2571000,0,2023-05-30 00:00:00
20221,3,8698,4093550001138216,135003000,15000,2024-09-08 00:00:00
20222,1,4055,4093550001139451,17421000,8900,2024-11-28 00:00:00
20223,3,5297,4093550001144631,510637000,15000,2024-03-28 00:00:00
20224,2,5643,4093550001149132,46014000,8900,2023-11-14 00:00:00
20225,2,1018,4093550001150065,70213000,8900,2024-09-21 00:00:00
20226,4,1018,4093550001159147,6754000,0,2023-02-12 00:00:00
20227,1,6961,4093550001168514,95836000,0,2024-05-28 00:00:00
20228,2,3609,4093550001175896,2135000,0,2024-05-31 00:00:00
20229,1,8058,4093550001183069,12854000,8900,2023-10-17 00:00:00
20230,3,8058,4093550001188613,147514000,15000,2024-11-26 00:00:00
20231,4,9536,4093550001194096,763000,0,2023-10-18 00:00:00
20232,2,6938,4093550001203971,29063000,8900,2023-12-25 00:00:00
20233,4,9941,4093550001210393,7920000,0,2024-10-20 00:00:00
20234,1,5435,4093550001212487,1922000,8900,2023-01-19 00:00:00
20235,2,9308,4093550001215997,4781000,0,2023-05-21 00:00:00
20236,3,9308,4093550001217655,310641000,15000,2024-06-03 00:00:00
20237,2,9990,4093550001226282,5473000,8900,2024-09-03 00:00:00
20238,3,6194,4093550001229245,273782000,15000,2024-01-09 00:00:00
20239,1,3487,4093550001233137,4711000,0,2023-08-28 00:00:00
20240,2,3487,4093550001240822,10207000,8900,2023-07-18 00:00:00
20241,1,9725,4093550001250168,48347000,8900,2024-05-29 00:00:00
20242,3,9725,4093550001253440,63975000,15000,2024-09-11 00:00:00
20243,3,4255,4093550001257537,137675000,15000,2024-06-12 00:00:00
20244,1,7688,4093550001262208,83358000,0,2024-06-09 00:00:00
20245,3,2423,4093550001263711,17989000,15000,2024-02-29 00:00:00
20246,3,9150,4093550001271936,281078000,15000,2024-01-19 00:00:00
20247,1,9150,4093550001277158,119020000,8900,2023-04-12 00:00:00
20248,4,2660,4093550001279413,4494000,0,2024-04-25 00:00:00
20249,3,3103,4093550001279500,445811000,15000,2023-06-03 00:00:00
20250,3,3283,4093550001289476,62000,15000,2023-11-05 00:00:00
20251,4,3283,4093550001293383,320000,0,2024-03-05 00:00:00
20252,3,8978,4093550001300873,419570000,15000,2024-10-09 00:00:00
20253,4,7718,4093550001304837,5302000,0,2024-09-21 00:00:00
20254,4,3794,4093550001314187,14620000,0,2024-06-20 00:00:00
20255,1,3794,4093550001315296,59482000,0,2024-06-22 00:00:00
20256,1,9707,4093550001322999,394000,8900,2023-01-17 00:00:00
20257,4,6934,4093550001328649,143000,0,2023-05-17 00:00:00
20258,1,4929,4093550001337595,63726000,8900,2024-12-13 00:00:00
20259,4,4929,4093550001339805,7165000,0,2023-03-06 00:00:00
20260,2,2301,4093550001347304,32586000,0,2023-07-24 00:00:00
20261,3,2230,4093550001352385,241458000,15000,2024-10-24 00:00:00
20262,1,2230,4093550001358234,42073000,8900,2023-02-18 00:00:00
20263,1,1744,4093550001364264,14608000,8900,2024-01-31 00:00:00
20264,2,1744,4093550001372394,5573000,8900,2024-12-09 00:00:00
20265,4,7904,4093550001380902,4315000,0,2023-03-22 00:00:00
20266,2,7904,4093550001383859,33139000,8900,2024-07-12 00:00:00
20267,1,3244,4093550001385171,17915000,8900,2024-09-09 00:00:00
20268,4,3244,4093550001392444,4480000,0,2023-12-26 00:00:00
20269,2,2887,4093550001398221,37286000,8900,2023-03-18 00:00:00
20270,1,2887,4093550001400843,85094000,0,2023-02-01 00:00:00
20271,4,6367,4093550001408023,739000,0,2024-10-22 00:00:00
20272,1,9611,4093550001414296,22753000,8900,2024-01-15 00:00:00
20273,1,7278,4093550001415556,26087000,8900,2024-10-27 00:00:00
20274,1,9745,4093550001417415,27285000,0,2024-07-29 00:00:00
20275,1,6929,4093550001421680,21218000,8900,2024-12-11 00:00:00
20276,4,6929,4093550001423904,4529000,0,2023-03-17 00:00:00
20277,1,6790,4093550001431197,89296000,8900,2023-03-08 00:00:00
20278,2,3258,4093550001433778,79518000,0,2023-05-05 00:00:00
20279,4,1286,4093550001437657,8040000,0,2024-04-23 00:00:00
20280,3,1286,4093550001446696,495379000,15000,2023-05-13 00:00:00
20281,1,6655,4093550001448109,77263000,8900,2024-06-22 00:00:00
20282,3,2552,4093550001457529,117142000,15000,2024-04-05 00:00:00
20283,4,5606,4093550001466006,3250000,0,2023-05-13 00:00:00
20284,1,5606,4093550001466914,23505000,0,2023-05-08 00:00:00
20285,1,7100,4093550001469568,10619000,8900,2023-03-22 00:00:00
20286,3,7100,4093550001478593,58816000,15000,2023-10-09 00:00:00
20287,4,3210,4093550001483555,330000,0,2023-06-25 00:00:00
20288,2,5638,4093550001493470,32905000,8900,2023-02-16 00:00:00
20289,3,5638,4093550001502844,251062000,15000,2024-03-02 00:00:00
20290,1,7864,4093550001503341,403000,0,2024-05-09 00:00:00
20291,2,7864,4093550001509995,37000,8900,2023-11-01 00:00:00
20292,1,1756,4093550001510977,52019000,0,2024-04-20 00:00:00
20293,1,7408,4093550001513331,15453000,0,2024-02-13 00:00:00
20294,2,7408,4093550001521769,7063000,0,2024-07-29 00:00:00
20295,4,5419,4093550001529412,982000,0,2023-05-25 00:00:00
20296,2,7458,4093550001534167,20199000,8900,2023-12-02 00:00:00
20297,3,7458,4093550001536778,796836000,15000,2024-05-25 00:00:00
20298,4,5695,4093550001544427,9453000,0,2023-04-03 00:00:00
20299,1,5695,4093550001552709,22692000,0,2024-04-13 00:00:00
20300,4,5183,4093550001558491,4413000,0,2024-09-03 00:00:00
20301,3,3945,4093550001566202,211966000,15000,2023-05-18 00:00:00
20302,2,3945,4093550001572195,1500000,8900,2024-02-17 00:00:00
20303,1,8582,4093550001573034,253000,8900,2023-03-17 00:00:00
20304,2,2627,4093550001582043,398000,8900,2024-02-08 00:00:00
20305,3,2627,4093550001587599,470000,15000,2024-07-25 00:00:00
20306,2,6311,4093550001589963,11141000,0,2023-02-16 00:00:00
20307,2,5264,4093550001595420,4088000,8900,2023-12-02 00:00:00
20308,3,5264,4093550001600323,60456000,15000,2024-08-30 00:00:00
20309,4,9603,4093550001608675,3322000,0,2024-01-13 00:00:00
20310,1,9603,4093550001610471,79980000,8900,2024-03-02 00:00:00
20311,2,4407,4093550001610908,86000,8900,2023-02-22 00:00:00
20312,1,4407,4093550001617138,17000,0,2023-06-01 00:00:00
20313,4,7508,4093550001618939,2284000,0,2024-03-04 00:00:00
20314,2,8885,4093550001622280,84792000,0,2023-05-22 00:00:00
20315,1,8885,4093550001630118,48092000,8900,2024-06-22 00:00:00
20316,1,4428,4093550001632956,61593000,8900,2024-11-23 00:00:00
20317,2,4428,4093550001636107,56472000,8900,2023-09-10 00:00:00
20318,2,3561,4093550001639792,32729000,8900,2024-12-07 00:00:00
20319,1,3561,4093550001645507,29847000,8900,2024-07-27 00:00:00
20320,3,4735,4093550001654903,26406000,15000,2023-10-25 00:00:00
20321,1,4735,4093550001656198,33143000,8900,2023-12-21 00:00:00
20322,1,9074,4093550001664048,15021000,8900,2024-07-29 00:00:00
20323,4,6166,4093550001673663,1241000,0,2024-10-15 00:00:00
20324,1,6853,4093550001675305,2010000,0,2023-04-13 00:00:00
20325,2,6853,4093550001684322,65810000,8900,2023-06-11 00:00:00
20326,1,8290,4093550001692116,68187000,0,2023-10-20 00:00:00
20327,3,8290,4093550001693582,348739000,15000,2024-10-29 00:00:00
20328,3,5382,4093550001702350,499000,15000,2023-02-07 00:00:00
20329,1,7774,4093550001708855,6669000,0,2023-02-08 00:00:00
20330,4,7774,4093550001718731,1858000,0,2023-04-20 00:00:00
20331,1,5235,4093550001724221,4165000,8900,2023-05-18 00:00:00
20332,2,5235,4093550001726067,10994000,0,2023-12-05 00:00:00
20333,4,7968,4093550001730283,2843000,0,2023-10-30 00:00:00
20334,1,6172,4093550001733448,20408000,8900,2023-03-30 00:00:00
20335,3,2508,4093550001736476,49118000,15000,2023-01-07 00:00:00
20336,1,9374,4093550001740335,3997000,0,2024-08-19 00:00:00
20337,4,9374,4093550001746226,355000,0,2024-12-10 00:00:00
20338,4,8544,4093550001748163,252000,0,2024-12-03 00:00:00
20339,2,8544,4093550001753259,320000,0,2024-12-07 00:00:00
20340,4,8234,4093550001758093,851000,0,2024-05-04 00:00:00
20341,3,8234,4093550001768018,2138000,15000,2024-01-18 00:00:00
20342,4,2753,4093550001777017,4476000,0,2024-06-22 00:00:00
20343,3,2753,4093550001782945,735037000,15000,2023-03-21 00:00:00
20344,4,6143,4093550001784784,3291000,0,2023-06-18 00:00:00
20345,2,6988,4093550001793310,5456000,8900,2024-08-20 00:00:00
20346,4,6988,4093550001801672,4045000,0,2024-04-01 00:00:00
20347,3,1297,4093550001809102,111777000,15000,2024-07-26 00:00:00
20348,3,5865,4093550001814152,139427000,15000,2023-08-12 00:00:00
20349,2,2848,4093550001814895,46795000,0,2024-07-08 00:00:00
20350,1,2848,4093550001816026,15067000,0,2024-04-28 00:00:00
20351,1,8105,4093550001818975,8137000,8900,2024-04-04 00:00:00
20352,2,6364,4093550001827811,11048000,8900,2024-07-04 00:00:00
20353,4,3711,4093550001831460,7195000,0,2024-11-20 00:00:00
20354,3,5893,4093550001838409,136770000,15000,2023-12-21 00:00:00
20355,4,5893,4093550001841498,337000,0,2023-04-26 00:00:00
20356,4,3140,4093550001848367,2974000,0,2023-04-14 00:00:00
20357,4,8397,4093550001855682,2200000,0,2024-02-16 00:00:00
20358,3,8679,4093550001864526,4097000,15000,2023-08-28 00:00:00
20359,4,7093,4093550001873965,2957000,0,2023-05-27 00:00:00
20360,2,7093,4093550001882506,9120000,8900,2023-08-15 00:00:00
20361,1,5397,4093550001883505,94246000,8900,2023-02-18 00:00:00
20362,3,9236,4093550001889750,461105000,15000,2023-11-04 00:00:00
20363,1,9236,4093550001898564,127627000,0,2024-04-29 00:00:00
20364,3,5027,4093550001903492,452470000,15000,2024-03-02 00:00:00
20365,3,8645,4093550001905689,262215000,15000,2023-12-05 00:00:00
20366,1,8645,4093550001913059,27246000,0,2024-01-15 00:00:00
20367,4,4841,4093550001916180,2835000,0,2023-03-16 00:00:00
20368,3,6215,4093550001925807,383238000,15000,2023-11-07 00:00:00
20369,4,2741,4093550001926059,9146000,0,2024-05-05 00:00:00
20370,3,3153,4093550001935962,1965000,15000,2023-10-17 00:00:00
20371,1,4957,4093550001944706,70702000,8900,2024-06-09 00:00:00
20372,4,4957,4093550001952399,13716000,0,2023-11-24 00:00:00
20373,2,2670,4093550001958473,13778000,0,2023-05-30 00:00:00
20374,3,2670,4093550001968042,290805000,15000,2024-08-16 00:00:00
20375,3,4932,4093550001972879,462285000,15000,2024-01-24 00:00:00
20376,1,8400,4093550001976906,69933000,8900,2024-10-19 00:00:00
20377,4,8400,4093550001982677,2112000,0,2023-06-23 00:00:00
20378,4,4811,4093550001991632,353000,0,2024-06-20 00:00:00
20379,1,4811,4093550001992850,76787000,0,2024-11-15 00:00:00
20380,4,6558,4093550001999607,3293000,0,2023-01-10 00:00:00
20381,4,3200,4093550002007079,2444000,0,2024-11-06 00:00:00
20382,2,3200,4093550002007188,1581000,8900,2024-06-28 00:00:00
20383,4,8097,4093550002015862,1084000,0,2023-07-03 00:00:00
20384,2,8097,4093550002017441,25235000,0,2024-06-20 00:00:00
20385,1,1981,4093550002026067,48006000,8900,2023-03-22 00:00:00
20386,4,1981,4093550002033588,1224000,0,2024-08-01 00:00:00
20387,2,3249,4093550002037289,38858000,8900,2023-04-06 00:00:00
20388,4,3249,4093550002046345,575000,0,2024-05-02 00:00:00
20389,4,1863,4093550002046500,11769000,0,2024-10-22 00:00:00
20390,2,1933,4093550002055771,28203000,8900,2024-12-09 00:00:00
20391,3,1794,4093550002056990,231138000,15000,2023-01-17 00:00:00
20392,2,1794,4093550002066608,27937000,8900,2023-05-28 00:00:00
20393,1,2841,4093550002071512,58501000,8900,2024-11-24 00:00:00
20394,2,5086,4093550002073805,126043000,0,2024-03-23 00:00:00
20395,4,7350,4093550002079386,246000,0,2024-04-06 00:00:00
20396,2,7350,4093550002085216,216000,8900,2024-07-20 00:00:00
20397,4,5705,4093550002094815,357000,0,2023-09-10 00:00:00
20398,2,5705,4093550002096160,191000,0,2023-10-02 00:00:00
20399,4,6869,4093550002098688,93000,0,2023-04-04 00:00:00
20400,1,6869,4093550002103739,114560000,8900,2024-03-31 00:00:00
20401,3,8641,4093550002105414,227224000,15000,2024-04-04 00:00:00
20402,2,8230,4093550002113810,30249000,0,2023-12-29 00:00:00
20403,3,8230,4093550002119126,14813000,15000,2024-01-30 00:00:00
20404,2,9202,4093550002125906,343000,0,2024-08-08 00:00:00
20405,4,9202,4093550002128684,135000,0,2023-05-23 00:00:00
20406,4,6264,4093550002133082,139000,0,2024-03-21 00:00:00
20407,3,6264,4093550002137994,392000,15000,2024-05-10 00:00:00
20408,1,8938,4093550002143911,46599000,0,2024-08-31 00:00:00
20409,4,8938,4093550002146131,83000,0,2023-11-08 00:00:00
20410,1,6807,4093550002152615,16494000,8900,2023-12-09 00:00:00
20411,3,6807,4093550002162354,55065000,15000,2023-05-20 00:00:00
20412,3,7067,4093550002172238,155309000,15000,2024-02-12 00:00:00
20413,1,5447,4093550002177014,37454000,8900,2023-10-15 00:00:00
20414,3,5447,4093550002186253,479898000,15000,2023-07-24 00:00:00
20415,4,8031,4093550002195193,4393000,0,2023-08-03 00:00:00
20416,1,6340,4093550002199967,12859000,8900,2023-05-23 00:00:00
20417,3,2491,4093550002202493,120224000,15000,2024-09-04 00:00:00
20418,2,2491,4093550002209060,16766000,8900,2024-07-01 00:00:00
20419,3,3466,4093550002214951,522895000,15000,2023-06-20 00:00:00
20420,4,5002,4093550002215677,1000000,0,2023-01-11 00:00:00
20421,1,5002,4093550002219315,45409000,0,2024-06-06 00:00:00
20422,3,1642,4093550002225724,97071000,15000,2024-05-09 00:00:00
20423,1,1642,4093550002232540,83385000,0,2023-03-29 00:00:00
20424,1,6211,4093550002234862,5290000,8900,2023-07-31 00:00:00
20425,4,6211,4093550002236462,1083000,0,2024-03-24 00:00:00
20426,3,7218,4093550002243875,41763000,15000,2023-04-28 00:00:00
20427,4,7218,4093550002249496,1654000,0,2024-10-25 00:00:00
20428,4,4919,4093550002252189,5605000,0,2023-12-05 00:00:00
20429,2,6752,4093550002259760,198000,8900,2023-07-10 00:00:00
20430,3,2666,4093550002262993,104000,15000,2023-08-08 00:00:00
20431,1,2666,4093550002264019,400000,0,2024-08-14 00:00:00
20432,4,9729,4093550002272816,658000,0,2024-04-13 00:00:00
20433,1,3971,4093550002280836,53167000,0,2024-08-24 00:00:00
20434,2,3971,4093550002288338,122340000,0,2024-09-24 00:00:00
20435,3,6823,4093550002293212,254723000,15000,2023-09-02 00:00:00
20436,1,8165,4093550002296212,58118000,0,2024-03-04 00:00:00
20437,4,8165,4093550002303144,4874000,0,2023-07-10 00:00:00
20438,1,1230,4093550002311949,6977000,0,2023-05-24 00:00:00
20439,4,1675,4093550002319339,2939000,0,2023-05-20 00:00:00
20440,1,6085,4093550002325630,24946000,8900,2024-03-01 00:00:00
20441,2,6085,4093550002326985,39998000,0,2024-08-01 00:00:00
20442,3,8871,4093550002330599,1514000,15000,2024-07-04 00:00:00
20443,4,8871,4093550002338092,3738000,0,2024-08-02 00:00:00
20444,4,1315,4093550002346208,2470000,0,2024-07-09 00:00:00
20445,3,5531,4093550002346890,604806000,15000,2024-10-31 00:00:00
20446,1,5531,4093550002351768,27387000,8900,2023-02-03 00:00:00
20447,2,4889,4093550002353194,25970000,8900,2024-08-25 00:00:00
20448,3,4889,4093550002363193,108478000,15000,2024-10-09 00:00:00
20449,3,4680,4093550002365475,235652000,15000,2024-06-29 00:00:00
20450,1,5495,4093550002374303,95311000,8900,2023-10-24 00:00:00
20451,3,2689,4093550002382732,695632000,15000,2023-10-11 00:00:00
20452,3,2808,4093550002384811,36789000,15000,2023-09-11 00:00:00
20453,1,8497,4093550002391246,188000,8900,2024-10-04 00:00:00
20454,4,8497,4093550002392484,398000,0,2024-10-10 00:00:00
20455,1,6192,4093550002394010,33738000,8900,2024-04-10 00:00:00
20456,2,6192,4093550002394051,64032000,8900,2023-04-06 00:00:00
20457,3,2935,4093550002399921,2524000,15000,2023-08-05 00:00:00
20458,2,3169,4093550002405211,15978000,8900,2024-08-02 00:00:00
20459,1,3169,4093550002406005,12897000,0,2023-02-17 00:00:00
20460,3,8207,4093550002413535,10155000,15000,2024-04-12 00:00:00
20461,1,4786,4093550002420545,15361000,8900,2023-06-12 00:00:00
20462,3,6581,4093550002426451,243842000,15000,2023-02-23 00:00:00
20463,4,6581,4093550002431457,5667000,0,2024-12-17 00:00:00
20464,2,7633,4093550002438490,21206000,0,2024-05-03 00:00:00
20465,3,6091,4093550002442196,494000,15000,2023-05-04 00:00:00
20466,2,6091,4093550002449116,239000,0,2024-12-11 00:00:00
20467,2,9710,4093550002452868,1901000,8900,2023-04-16 00:00:00
20468,4,9710,4093550002457771,1975000,0,2023-05-21 00:00:00
20469,2,6816,4093550002459953,44850000,0,2024-09-16 00:00:00
20470,1,8898,4093550002463444,89814000,0,2023-08-11 00:00:00
20471,1,4845,4093550002465738,19336000,0,2023-11-19 00:00:00
20472,2,4371,4093550002467119,1107000,8900,2024-11-05 00:00:00
20473,3,7256,4093550002477063,119531000,15000,2023-09-03 00:00:00
20474,2,8115,4093550002478911,148052000,0,2024-06-24 00:00:00
20475,1,9879,4093550002484097,76629000,0,2024-01-10 00:00:00
20476,3,7693,4093550002485293,46264000,15000,2023-08-09 00:00:00
20477,1,7570,4093550002486284,9619000,8900,2024-03-09 00:00:00
20478,2,7570,4093550002495076,28831000,0,2024-07-04 00:00:00
20479,3,7084,4093550002500154,475353000,15000,2024-02-05 00:00:00
20480,2,4366,4093550002501238,9992000,0,2023-03-01 00:00:00
20481,1,4366,4093550002508357,61811000,8900,2023-04-29 00:00:00
20482,4,5514,4093550002509259,7019000,0,2023-05-21 00:00:00
20483,3,5514,4093550002511944,763118000,15000,2024-05-23 00:00:00
20484,3,2780,4093550002520513,590355000,15000,2023-10-03 00:00:00
20485,1,2780,4093550002522448,81000000,8900,2023-01-31 00:00:00
20486,2,8193,4093550002526905,51812000,8900,2024-05-23 00:00:00
20487,3,4621,4093550002527814,622063000,15000,2023-09-19 00:00:00
20488,1,4621,4093550002537217,23998000,0,2024-11-21 00:00:00
20489,2,8114,4093550002545554,183000,8900,2023-02-17 00:00:00
20490,4,5745,4093550002548013,4837000,0,2023-08-18 00:00:00
20491,4,5092,4093550002554833,5028000,0,2023-05-03 00:00:00
20492,2,5092,4093550002555696,80727000,0,2023-07-03 00:00:00
20493,4,3997,4093550002556449,661000,0,2023-11-15 00:00:00
20494,3,3997,4093550002565511,11195000,15000,2024-04-12 00:00:00
20495,2,2479,4093550002568799,59782000,8900,2024-04-20 00:00:00
20496,1,2479,4093550002576883,16331000,0,2023-07-20 00:00:00
20497,1,1800,4093550002583602,95173000,0,2024-10-13 00:00:00
20498,2,9368,4093550002583626,42852000,0,2024-06-26 00:00:00
20499,4,9368,4093550002584608,7121000,0,2023-05-26 00:00:00
20500,1,5313,4093550002586133,34926000,8900,2024-12-18 00:00:00
20501,1,6963,4093550002587525,218000,0,2023-03-18 00:00:00
20502,1,7957,4093550002589667,1658000,8900,2024-02-07 00:00:00
20503,2,2234,4093550002594123,16808000,0,2024-08-21 00:00:00
20504,1,2527,4093550002596817,28944000,8900,2023-05-04 00:00:00
20505,3,2527,4093550002600219,75031000,15000,2024-04-07 00:00:00
20506,3,1839,4093550002604561,245288000,15000,2024-12-14 00:00:00
20507,4,2351,4093550002608084,3972000,0,2023-12-31 00:00:00
20508,3,2351,4093550002608887,249590000,15000,2024-11-24 00:00:00
20509,3,8209,4093550002611736,377704000,15000,2023-04-07 00:00:00
20510,2,1027,4093550002614027,412000,0,2023-05-14 00:00:00
20511,2,4623,4093550002620126,45222000,0,2023-03-08 00:00:00
20512,3,7551,4093550002627392,754690000,15000,2023-02-13 00:00:00
20513,1,3424,4093550002628222,19754000,0,2024-05-23 00:00:00
20514,2,3450,4093550002635213,45432000,8900,2023-10-09 00:00:00
20515,1,1324,4093550002637649,88454000,8900,2024-05-25 00:00:00
20516,4,5400,4093550002645498,2154000,0,2023-05-21 00:00:00
20517,4,3086,4093550002654113,2727000,0,2024-05-06 00:00:00
20518,1,5958,4093550002662054,32909000,0,2023-07-04 00:00:00
20519,4,5958,4093550002665643,8959000,0,2023-01-31 00:00:00
20520,1,1915,4093550002670246,146136000,0,2024-08-21 00:00:00
20521,3,7737,4093550002671887,466918000,15000,2023-08-13 00:00:00
20522,4,2412,4093550002678251,1658000,0,2024-08-29 00:00:00
20523,3,2412,4093550002684130,238000,15000,2024-08-28 00:00:00
20524,1,4456,4093550002689892,3809000,8900,2023-06-29 00:00:00
20525,3,2058,4093550002690813,275411000,15000,2023-01-01 00:00:00
20526,2,2146,4093550002694114,4754000,0,2023-11-28 00:00:00
20527,4,7019,4093550002703726,1874000,0,2023-03-16 00:00:00
20528,1,7746,4093550002710208,36885000,0,2023-05-20 00:00:00
20529,4,1012,4093550002717366,3361000,0,2023-08-17 00:00:00
20530,2,1012,4093550002720239,3697000,8900,2024-01-23 00:00:00
20531,4,3644,4093550002725065,4744000,0,2024-12-19 00:00:00
20532,1,5717,4093550002731481,48334000,0,2024-09-18 00:00:00
20533,3,5729,4093550002733187,287246000,15000,2023-09-01 00:00:00
20534,1,5729,4093550002738422,82434000,0,2023-06-21 00:00:00
20535,3,6181,4093550002743923,280339000,15000,2023-09-13 00:00:00
20536,4,6181,4093550002749666,3937000,0,2023-09-20 00:00:00
20537,1,4677,4093550002749687,50069000,8900,2023-06-20 00:00:00
20538,3,2920,4093550002755892,526011000,15000,2024-08-14 00:00:00
20539,2,2920,4093550002759588,8760000,8900,2023-06-16 00:00:00
20540,4,4151,4093550002760136,756000,0,2023-04-18 00:00:00
20541,3,4151,4093550002762924,141310000,15000,2024-01-20 00:00:00
20542,1,4319,4093550002764153,94331000,8900,2023-02-01 00:00:00
20543,4,8412,4093550002766857,1036000,0,2023-12-06 00:00:00
20544,3,8412,4093550002769970,281907000,15000,2024-02-24 00:00:00
20545,4,1584,4093550002778820,759000,0,2023-04-09 00:00:00
20546,1,1584,4093550002788188,24308000,8900,2024-07-16 00:00:00
20547,3,9779,4093550002794100,253785000,15000,2024-11-08 00:00:00
20548,2,2318,4093550002801970,97740000,8900,2023-06-24 00:00:00
20549,1,6780,4093550002809729,10477000,8900,2024-05-15 00:00:00
20550,1,8789,4093550002818644,33987000,0,2024-01-14 00:00:00
20551,3,8789,4093550002822958,284384000,15000,2024-03-26 00:00:00
20552,2,6090,4093550002826665,121515000,8900,2023-03-29 00:00:00
20553,3,6090,4093550002833448,284603000,15000,2024-08-26 00:00:00
20554,1,7018,4093550002834448,24337000,0,2024-08-09 00:00:00
20555,2,7018,4093550002835742,25603000,0,2024-02-09 00:00:00
20556,3,3294,4093550002844210,778149000,15000,2023-06-21 00:00:00
20557,3,2258,4093550002847368,75309000,15000,2024-11-30 00:00:00
20558,2,1033,4093550002849791,84120000,8900,2023-03-31 00:00:00
20559,1,1033,4093550002858836,78674000,8900,2023-11-30 00:00:00
20560,3,9403,4093550002859039,230972000,15000,2023-06-01 00:00:00
20561,4,9403,4093550002868586,4625000,0,2023-04-13 00:00:00
20562,1,4646,4093550002877806,192000,8900,2024-02-25 00:00:00
20563,3,9086,4093550002885762,94873000,15000,2024-02-17 00:00:00
20564,2,9086,4093550002895735,3870000,8900,2024-11-28 00:00:00
20565,4,7238,4093550002901167,6729000,0,2023-10-03 00:00:00
20566,1,3441,4093550002901499,97291000,0,2024-05-18 00:00:00
20567,4,3441,4093550002905234,3015000,0,2023-05-18 00:00:00
20568,1,7885,4093550002912494,10209000,0,2024-09-11 00:00:00
20569,2,7885,4093550002915958,38215000,8900,2024-02-21 00:00:00
20570,3,5047,4093550002922085,167320000,15000,2024-06-02 00:00:00
20571,4,7588,4093550002930675,2506000,0,2023-03-01 00:00:00
20572,2,4766,4093550002938154,41352000,8900,2023-10-08 00:00:00
20573,2,9448,4093550002946430,49645000,8900,2023-09-05 00:00:00
20574,4,9448,4093550002953739,9606000,0,2023-07-01 00:00:00
20575,4,6580,4093550002961515,46000,0,2024-12-06 00:00:00
20576,2,6580,4093550002961965,82000,0,2024-01-31 00:00:00
20577,4,9324,4093550002971341,3113000,0,2024-11-24 00:00:00
20578,3,8280,4093550002978051,150963000,15000,2024-10-24 00:00:00
20579,1,1774,4093550002978190,9052000,8900,2024-10-20 00:00:00
20580,3,9235,4093550002984359,373042000,15000,2024-04-22 00:00:00
20581,1,9235,4093550002992890,88296000,8900,2024-09-30 00:00:00
20582,4,1085,4093550002993011,137000,0,2024-05-08 00:00:00
20583,1,1085,4093550002997541,17368000,8900,2024-10-17 00:00:00
20584,4,1306,4093550003001820,2417000,0,2023-02-28 00:00:00
20585,3,1306,4093550003011651,159036000,15000,2024-02-18 00:00:00
20586,1,5167,4093550003013944,195000,8900,2024-03-04 00:00:00
20587,2,4119,4093550003014523,45420000,8900,2024-12-03 00:00:00
20588,4,5713,4093550003020397,990000,0,2023-10-28 00:00:00
20589,1,5713,4093550003022494,94772000,0,2023-09-22 00:00:00
20590,3,1512,4093550003027994,73071000,15000,2023-11-11 00:00:00
20591,1,2902,4093550003033423,14196000,0,2024-04-19 00:00:00
20592,2,2902,4093550003042985,14246000,0,2024-08-17 00:00:00
20593,1,1706,4093550003046173,43672000,0,2024-02-28 00:00:00
20594,1,4219,4093550003048644,22769000,8900,2024-08-06 00:00:00
20595,3,9904,4093550003051599,766881000,15000,2023-11-17 00:00:00
20596,2,4431,4093550003051677,49723000,0,2024-08-13 00:00:00
20597,4,4431,4093550003053120,6151000,0,2023-05-13 00:00:00
20598,1,1319,4093550003060156,80767000,0,2023-01-05 00:00:00
20599,3,1319,4093550003066269,1072028000,15000,2023-01-15 00:00:00
20600,2,1451,4093550003074970,12087000,0,2024-10-03 00:00:00
20601,3,8039,4093550003080612,477106000,15000,2024-05-30 00:00:00
20602,4,8039,4093550003083349,8241000,0,2023-03-08 00:00:00
20603,1,1110,4093550003088235,35259000,0,2024-03-20 00:00:00
20604,2,1110,4093550003096267,17741000,0,2024-01-03 00:00:00
20605,4,8208,4093550003102877,367000,0,2023-08-05 00:00:00
20606,3,1206,4093550003112539,351852000,15000,2024-01-20 00:00:00
20607,2,9500,4093550003116730,8663000,0,2024-10-31 00:00:00
20608,3,5286,4093550003118628,213400000,15000,2024-07-14 00:00:00
20609,1,5286,4093550003121137,31160000,0,2023-07-30 00:00:00
20610,3,6892,4093550003122792,290319000,15000,2024-06-07 00:00:00
20611,1,6892,4093550003124721,39453000,0,2023-10-17 00:00:00
20612,3,4111,4093550003132876,567198000,15000,2024-01-02 00:00:00
20613,4,7577,4093550003137716,10328000,0,2023-08-01 00:00:00
20614,4,8171,4093550003145592,268000,0,2024-11-18 00:00:00
20615,3,8171,4093550003147402,161062000,15000,2024-08-10 00:00:00
20616,2,7946,4093550003149846,34800000,0,2023-09-20 00:00:00
20617,2,8573,4093550003154697,17193000,0,2023-06-28 00:00:00
20618,3,8573,4093550003160599,56906000,15000,2024-11-24 00:00:00
20619,2,7821,4093550003162498,4997000,0,2024-11-10 00:00:00
20620,4,3508,4093550003169670,1721000,0,2023-07-07 00:00:00
20621,3,3508,4093550003176228,337122000,15000,2024-04-12 00:00:00
20622,2,4473,4093550003182548,70073000,0,2023-04-26 00:00:00
20623,1,4473,4093550003183509,42479000,0,2023-06-13 00:00:00
20624,3,2840,4093550003193188,248430000,15000,2024-01-03 00:00:00
20625,2,2840,4093550003195329,6534000,8900,2024-05-09 00:00:00
20626,3,4150,4093550003202068,261677000,15000,2024-11-01 00:00:00
20627,2,4150,4093550003210667,97823000,0,2024-08-13 00:00:00
20628,2,6957,4093550003216210,66875000,8900,2024-05-08 00:00:00
20629,2,5439,4093550003222516,128003000,8900,2024-06-01 00:00:00
20630,3,3891,4093550003225226,155522000,15000,2023-12-05 00:00:00
20631,3,8600,4093550003226051,230000,15000,2023-03-22 00:00:00
20632,4,9155,4093550003235440,1200000,0,2023-11-20 00:00:00
20633,3,9155,4093550003243589,28949000,15000,2024-10-31 00:00:00
20634,2,8588,4093550003250199,133681000,8900,2023-04-04 00:00:00
20635,4,8588,4093550003259413,9824000,0,2023-07-31 00:00:00
20636,2,2415,4093550003266888,11643000,8900,2024-04-10 00:00:00
20637,4,2415,4093550003276718,1436000,0,2024-04-29 00:00:00
20638,2,6977,4093550003282671,54238000,8900,2023-01-03 00:00:00
20639,3,6977,4093550003287455,633552000,15000,2024-07-14 00:00:00
20640,3,5150,4093550003289197,98965000,15000,2024-02-24 00:00:00
20641,3,4638,4093550003292407,412000,15000,2024-04-13 00:00:00
20642,3,4807,4093550003295530,419000,15000,2024-10-10 00:00:00
20643,4,4807,4093550003305178,386000,0,2023-05-07 00:00:00
20644,3,5312,4093550003312560,297123000,15000,2024-06-27 00:00:00
20645,1,5312,4093550003321625,46294000,8900,2024-03-19 00:00:00
20646,3,8336,4093550003324529,486429000,15000,2024-11-04 00:00:00
20647,2,5285,4093550003329803,19308000,8900,2023-10-08 00:00:00
20648,1,5285,4093550003334623,3625000,0,2024-04-08 00:00:00
20649,2,3741,4093550003344495,312000,0,2023-07-25 00:00:00
20650,1,3741,4093550003349256,461000,8900,2024-12-04 00:00:00
20651,2,9131,4093550003351430,58906000,8900,2023-12-27 00:00:00
20652,2,4917,4093550003358270,8121000,8900,2023-01-26 00:00:00
20653,3,4917,4093550003359198,114122000,15000,2023-07-24 00:00:00
20654,2,5808,4093550003361835,21594000,8900,2024-12-08 00:00:00
20655,4,5808,4093550003370702,3596000,0,2023-02-03 00:00:00
20656,1,6702,4093550003378118,104401000,8900,2023-09-01 00:00:00
20657,1,5535,4093550003378888,1635000,0,2024-07-19 00:00:00
20658,3,5535,4093550003383006,252019000,15000,2023-07-27 00:00:00
20659,2,4552,4093550003390266,13547000,8900,2023-07-18 00:00:00
20660,4,1413,4093550003391487,421000,0,2024-01-22 00:00:00
20661,3,9851,4093550003396060,274492000,15000,2023-01-06 00:00:00
20662,4,9851,4093550003398597,1550000,0,2023-02-10 00:00:00
20663,1,8428,4093550003403883,7928000,8900,2023-03-16 00:00:00
20664,1,1617,4093550003406896,23288000,8900,2023-04-05 00:00:00
20665,1,2532,4093550003410392,99668000,8900,2023-08-12 00:00:00
20666,4,2532,4093550003410537,6694000,0,2023-04-28 00:00:00
20667,3,2994,4093550003417839,1100380000,15000,2024-01-26 00:00:00
20668,1,1162,4093550003419697,52159000,8900,2023-01-26 00:00:00
20669,2,1162,4093550003428033,5819000,8900,2024-04-01 00:00:00
20670,2,2291,4093550003431188,63253000,0,2024-07-04 00:00:00
20671,3,2291,4093550003434642,509169000,15000,2024-11-17 00:00:00
20672,3,1457,4093550003438135,409000,15000,2024-10-24 00:00:00
20673,2,1457,4093550003439317,13000,0,2024-12-03 00:00:00
20674,2,6301,4093550003444752,56471000,8900,2023-07-02 00:00:00
20675,1,8914,4093550003454173,13076000,8900,2024-04-06 00:00:00
20676,2,3337,4093550003454450,15363000,0,2024-10-18 00:00:00
20677,4,3337,4093550003464045,1405000,0,2023-02-16 00:00:00
20678,4,7015,4093550003465235,879000,0,2024-09-13 00:00:00
20679,3,7015,4093550003472406,325164000,15000,2024-01-26 00:00:00
20680,4,9215,4093550003472911,3759000,0,2023-05-20 00:00:00
20681,1,9215,4093550003481853,1560000,0,2023-10-30 00:00:00
20682,4,6964,4093550003487967,5734000,0,2023-01-06 00:00:00
20683,4,8505,4093550003494424,1239000,0,2023-08-05 00:00:00
20684,4,2679,4093550003502822,8350000,0,2024-09-23 00:00:00
20685,4,5548,4093550003506006,4621000,0,2024-07-16 00:00:00
20686,2,5814,4093550003515012,20946000,0,2023-09-14 00:00:00
20687,4,6108,4093550003524525,9837000,0,2024-11-18 00:00:00
20688,1,6108,4093550003526165,135168000,0,2023-10-19 00:00:00
20689,1,4410,4093550003531372,8527000,0,2024-12-11 00:00:00
20690,3,4410,4093550003537344,115080000,15000,2023-11-20 00:00:00
20691,2,4026,4093550003540107,28753000,8900,2024-10-18 00:00:00
20692,1,3698,4093550003545997,58333000,8900,2024-04-01 00:00:00
20693,4,8236,4093550003553976,1719000,0,2023-10-15 00:00:00
20694,2,3521,4093550003556270,17142000,0,2023-03-19 00:00:00
20695,3,4939,4093550003556782,447000,15000,2024-07-10 00:00:00
20696,4,4939,4093550003565625,327000,0,2024-04-28 00:00:00
20697,3,3402,4093550003568061,233000,15000,2023-05-18 00:00:00
20698,2,3402,4093550003576424,183000,8900,2023-04-03 00:00:00
20699,4,1731,4093550003576598,2401000,0,2024-04-01 00:00:00
20700,3,1778,4093550003585878,612756000,15000,2023-08-13 00:00:00
20701,4,7920,4093550003589675,1340000,0,2023-02-13 00:00:00
20702,1,5906,4093550003598161,98088000,0,2023-02-17 00:00:00
20703,3,5906,4093550003603471,567433000,15000,2023-04-16 00:00:00
20704,2,1234,4093550003612014,55747000,8900,2024-01-21 00:00:00
20705,1,1234,4093550003613290,57385000,8900,2024-06-13 00:00:00
20706,1,9797,4093550003616942,50931000,0,2024-05-08 00:00:00
20707,4,9797,4093550003619219,1669000,0,2024-03-26 00:00:00
20708,4,1442,4093550003620483,731000,0,2023-06-11 00:00:00
20709,3,1442,4093550003622422,44552000,15000,2024-11-07 00:00:00
20710,1,9435,4093550003627833,29949000,0,2024-05-05 00:00:00
20711,4,7342,4093550003634566,2966000,0,2024-08-10 00:00:00
20712,4,1350,4093550003636774,13838000,0,2023-09-22 00:00:00
20713,4,5862,4093550003645239,3261000,0,2023-03-29 00:00:00
20714,2,5862,4093550003655177,26829000,8900,2024-04-27 00:00:00
20715,1,5754,4093550003661908,18525000,8900,2023-06-21 00:00:00
20716,1,8765,4093550003671682,3131000,0,2023-05-16 00:00:00
20717,4,3534,4093550003680247,2385000,0,2023-07-01 00:00:00
20718,1,3534,4093550003690075,5566000,0,2023-02-09 00:00:00
20719,1,5871,4093550003692211,70218000,0,2024-01-15 00:00:00
20720,1,4097,4093550003699240,213000,0,2024-08-26 00:00:00
20721,3,1975,4093550003703411,351939000,15000,2024-09-04 00:00:00
20722,4,1975,4093550003710107,953000,0,2023-09-21 00:00:00
20723,3,7881,4093550003710224,323672000,15000,2024-12-05 00:00:00
20724,3,6221,4093550003716923,293000,15000,2024-10-29 00:00:00
20725,2,6221,4093550003721205,283000,8900,2024-07-02 00:00:00
20726,1,8667,4093550003725720,84525000,8900,2023-07-03 00:00:00
20727,3,8667,4093550003733646,1186382000,15000,2023-09-17 00:00:00
20728,2,5316,4093550003743111,75160000,0,2024-11-06 00:00:00
20729,1,5316,4093550003750429,11377000,0,2024-12-17 00:00:00
20730,2,4240,4093550003758758,96510000,8900,2023-06-14 00:00:00
20731,1,4240,4093550003758845,47959000,0,2023-04-04 00:00:00
20732,3,1987,4093550003768680,95292000,15000,2023-08-16 00:00:00
20733,2,1987,4093550003778659,27990000,8900,2023-02-08 00:00:00
20734,3,7983,4093550003785224,23408000,15000,2024-03-25 00:00:00
20735,2,7983,4093550003793714,4811000,0,2023-10-20 00:00:00
20736,4,3787,4093550003803537,1272000,0,2024-01-04 00:00:00
20737,4,7847,4093550003803542,1343000,0,2023-12-28 00:00:00
20738,2,9912,4093550003810185,73025000,8900,2023-04-03 00:00:00
20739,4,9957,4093550003819346,4816000,0,2024-09-12 00:00:00
20740,1,9957,4093550003826797,13794000,0,2024-02-18 00:00:00
20741,4,6710,4093550003833468,4740000,0,2023-12-15 00:00:00
20742,1,6685,4093550003841878,385000,8900,2024-01-22 00:00:00
20743,2,6685,4093550003847444,448000,8900,2024-04-14 00:00:00
20744,3,5208,4093550003847893,512425000,15000,2024-01-27 00:00:00
20745,4,5208,4093550003851504,7016000,0,2024-11-24 00:00:00
20746,2,7571,4093550003856677,25953000,8900,2024-12-18 00:00:00
20747,1,7571,4093550003858201,8989000,8900,2024-02-13 00:00:00
20748,4,3649,4093550003861126,135000,0,2024-08-10 00:00:00
20749,1,3649,4093550003864242,118000,0,2024-05-25 00:00:00
20750,4,6262,4093550003868208,6274000,0,2023-09-13 00:00:00
20751,3,6262,4093550003874042,469574000,15000,2023-06-09 00:00:00
20752,2,3273,4093550003876007,85029000,0,2024-07-08 00:00:00
20753,1,8923,4093550003882089,49235000,0,2024-05-17 00:00:00
20754,2,8923,4093550003890464,11883000,8900,2023-10-14 00:00:00
20755,4,6775,4093550003899913,9397000,0,2024-05-04 00:00:00
20756,2,4602,4093550003900447,105189000,0,2024-04-13 00:00:00
20757,1,4602,4093550003907985,3255000,0,2023-11-20 00:00:00
20758,4,4853,4093550003911438,8620000,0,2024-09-19 00:00:00
20759,3,4853,4093550003914505,221336000,15000,2024-07-15 00:00:00
20760,4,3315,4093550003918919,4248000,0,2024-05-25 00:00:00
20761,1,3315,4093550003925786,37460000,8900,2024-12-18 00:00:00
20762,2,4261,4093550003932350,40895000,0,2024-08-12 00:00:00
20763,3,4261,4093550003936773,226583000,15000,2023-08-30 00:00:00
20764,4,3731,4093550003943014,1613000,0,2024-04-29 00:00:00
20765,3,5465,4093550003945908,370541000,15000,2024-05-13 00:00:00
20766,2,5465,4093550003955119,60663000,0,2024-08-04 00:00:00
20767,1,9209,4093550003957796,34289000,0,2024-10-06 00:00:00
20768,1,6326,4093550003963280,21176000,0,2023-12-19 00:00:00
20769,4,6326,4093550003969033,4816000,0,2024-11-26 00:00:00
20770,1,9233,4093550003972293,388000,8900,2024-11-20 00:00:00
20771,1,8458,4093550003979616,87023000,0,2024-04-19 00:00:00
20772,2,3918,4093550003985144,23979000,8900,2023-06-15 00:00:00
20773,3,3918,4093550003990336,243715000,15000,2024-10-30 00:00:00
20774,1,4991,4093550003994719,42278000,8900,2024-08-24 00:00:00
20775,4,4991,4093550003997732,1264000,0,2023-01-24 00:00:00
20776,2,7756,4093550004001577,10912000,0,2024-02-11 00:00:00
20777,3,7756,4093550004009330,57253000,15000,2024-07-15 00:00:00
20778,3,7790,4093550004015835,328000,15000,2023-03-28 00:00:00
20779,3,8585,4093550004022223,506787000,15000,2024-03-29 00:00:00
20780,4,8585,4093550004024374,8388000,0,2024-06-23 00:00:00
20781,1,3109,4093550004024843,16908000,8900,2024-04-23 00:00:00
20782,1,7120,4093550004027057,27359000,8900,2024-06-20 00:00:00
20783,4,9463,4093550004034949,2067000,0,2024-01-10 00:00:00
20784,2,3865,4093550004037501,47716000,8900,2023-12-19 00:00:00
20785,3,3865,4093550004037638,738839000,15000,2024-12-05 00:00:00
20786,4,8884,4093550004045455,470000,0,2024-09-03 00:00:00
20787,3,8884,4093550004045574,66047000,15000,2024-07-15 00:00:00
20788,2,1708,4093550004052320,83100000,8900,2024-10-23 00:00:00
20789,3,1708,4093550004055935,77180000,15000,2023-09-27 00:00:00
20790,1,3876,4093550004059860,64158000,0,2024-02-27 00:00:00
20791,2,3876,4093550004062849,9166000,8900,2023-05-20 00:00:00
20792,1,2981,4093550004070310,1369000,8900,2023-07-12 00:00:00
20793,2,2981,4093550004071124,4533000,0,2024-07-01 00:00:00
20794,4,7383,4093550004072800,2340000,0,2023-01-09 00:00:00
20795,2,7383,4093550004075269,22893000,8900,2023-01-16 00:00:00
20796,1,3135,4093550004082155,34029000,0,2024-12-14 00:00:00
20797,3,3135,4093550004084549,224205000,15000,2023-02-27 00:00:00
20798,2,6005,4093550004090979,83083000,8900,2023-09-14 00:00:00
20799,3,1201,4093550004092978,171356000,15000,2023-02-04 00:00:00
20800,1,8564,4093550004094518,63473000,0,2023-11-27 00:00:00
20801,1,3716,4093550004095210,133297000,8900,2023-07-23 00:00:00
20802,1,3916,4093550004098779,5853000,0,2023-11-29 00:00:00
20803,2,9799,4093550004103303,345000,8900,2023-02-13 00:00:00
20804,2,5424,4093550004105843,69066000,0,2024-05-26 00:00:00
20805,3,5424,4093550004111388,62141000,15000,2024-10-02 00:00:00
20806,3,4236,4093550004117213,159000,15000,2023-08-27 00:00:00
20807,2,6553,4093550004126362,36779000,8900,2023-01-22 00:00:00
20808,1,6553,4093550004128570,49302000,0,2023-09-14 00:00:00
20809,2,5811,4093550004135739,163000,8900,2024-07-10 00:00:00
20810,3,5811,4093550004143414,434000,15000,2023-10-09 00:00:00
20811,2,9905,4093550004153223,82213000,8900,2024-04-05 00:00:00
20812,3,1610,4093550004162097,354344000,15000,2023-07-09 00:00:00
20813,2,1610,4093550004168063,16714000,0,2024-09-27 00:00:00
20814,1,7795,4093550004169101,92536000,0,2024-07-18 00:00:00
20815,4,7795,4093550004174387,9619000,0,2024-02-24 00:00:00
20816,2,1876,4093550004176197,15954000,0,2023-07-02 00:00:00
20817,3,5015,4093550004184150,399579000,15000,2024-11-04 00:00:00
20818,3,6956,4093550004193822,578508000,15000,2024-09-12 00:00:00
20819,4,6956,4093550004194037,6563000,0,2023-08-02 00:00:00
20820,4,8228,4093550004195348,7946000,0,2024-01-13 00:00:00
20821,3,8228,4093550004196304,223665000,15000,2024-09-23 00:00:00
20822,2,6820,4093550004196971,5960000,0,2024-06-15 00:00:00
20823,4,8574,4093550004200756,6259000,0,2024-08-06 00:00:00
20824,3,8574,4093550004203688,603118000,15000,2024-07-25 00:00:00
20825,1,2803,4093550004210491,88458000,8900,2024-12-20 00:00:00
20826,1,9041,4093550004213225,27161000,0,2024-11-04 00:00:00
20827,1,2140,4093550004223055,57550000,8900,2024-01-16 00:00:00
20828,4,2140,4093550004230110,4567000,0,2023-11-28 00:00:00
20829,1,2946,4093550004239337,67954000,8900,2024-01-04 00:00:00
20830,3,5665,4093550004245843,62683000,15000,2024-06-14 00:00:00
20831,2,3395,4093550004250789,38805000,0,2023-11-19 00:00:00
20832,3,3574,4093550004255311,865000,15000,2023-12-31 00:00:00
20833,3,2199,4093550004259653,123908000,15000,2023-11-04 00:00:00
20834,4,2199,4093550004266204,13769000,0,2024-08-05 00:00:00
20835,3,1884,4093550004267469,352000,15000,2024-12-07 00:00:00
20836,2,1884,4093550004269032,20000,8900,2024-09-01 00:00:00
20837,3,4714,4093550004278474,705637000,15000,2023-12-23 00:00:00
20838,2,4714,4093550004285590,87174000,0,2024-03-02 00:00:00
20839,3,9613,4093550004289305,26061000,15000,2024-06-20 00:00:00
20840,2,4879,4093550004298152,67853000,0,2023-06-06 00:00:00
20841,3,2408,4093550004304589,632299000,15000,2023-10-24 00:00:00
20842,2,2408,4093550004307015,9631000,8900,2023-05-16 00:00:00
20843,3,6620,4093550004316378,408931000,15000,2024-02-13 00:00:00
20844,2,6462,4093550004318515,65746000,8900,2024-05-14 00:00:00
20845,3,4546,4093550004321728,398243000,15000,2024-03-16 00:00:00
20846,4,1156,4093550004331166,1890000,0,2024-03-09 00:00:00
20847,2,7815,4093550004334287,98784000,0,2023-11-09 00:00:00
20848,1,7815,4093550004341533,44886000,0,2024-09-30 00:00:00
20849,2,3816,4093550004345359,25440000,0,2023-04-26 00:00:00
20850,3,9899,4093550004347779,368298000,15000,2023-11-09 00:00:00
20851,4,9899,4093550004348152,2102000,0,2023-12-06 00:00:00
20852,1,7417,4093550004356967,62870000,8900,2024-07-15 00:00:00
20853,2,6940,4093550004359283,31000,0,2023-09-19 00:00:00
20854,3,5570,4093550004362572,195000,15000,2023-03-10 00:00:00
20855,4,5570,4093550004367018,426000,0,2024-11-09 00:00:00
20856,4,9194,4093550004372920,9798000,0,2023-08-25 00:00:00
20857,4,2014,4093550004381252,1074000,0,2023-07-10 00:00:00
20858,3,2300,4093550004388756,399597000,15000,2023-12-08 00:00:00
20859,1,2319,4093550004391329,18479000,8900,2023-12-30 00:00:00
20860,4,7163,4093550004399542,8906000,0,2024-02-01 00:00:00
20861,2,7163,4093550004400025,23720000,8900,2024-07-22 00:00:00
20862,3,1631,4093550004405625,576757000,15000,2024-06-17 00:00:00
20863,4,1631,4093550004409352,1810000,0,2024-03-03 00:00:00
20864,1,2240,4093550004411855,104000,0,2024-04-04 00:00:00
20865,2,2240,4093550004414126,431000,0,2024-08-17 00:00:00
20866,2,9096,4093550004419189,56398000,0,2023-11-22 00:00:00
20867,2,6895,4093550004421129,19263000,8900,2023-11-23 00:00:00
20868,2,9474,4093550004426100,19698000,0,2023-04-20 00:00:00
20869,4,9474,4093550004430473,5677000,0,2024-09-12 00:00:00
20870,4,2737,4093550004434257,168000,0,2024-01-03 00:00:00
20871,1,3849,4093550004442066,37367000,8900,2023-07-08 00:00:00
20872,4,5799,4093550004444320,7649000,0,2024-02-23 00:00:00
20873,2,2303,4093550004444566,9677000,0,2023-07-29 00:00:00
20874,3,2303,4093550004451764,201078000,15000,2024-09-23 00:00:00
20875,1,2858,4093550004457088,36290000,8900,2023-02-12 00:00:00
20876,3,2858,4093550004463546,376264000,15000,2024-09-18 00:00:00
20877,4,9548,4093550004472917,439000,0,2023-02-13 00:00:00
20878,4,3348,4093550004476943,7655000,0,2024-06-12 00:00:00
20879,2,3348,4093550004477751,44796000,8900,2023-07-14 00:00:00
20880,3,5504,4093550004482741,496310000,15000,2023-10-29 00:00:00
20881,2,5504,4093550004483635,47163000,0,2024-12-07 00:00:00
20882,2,8221,4093550004491036,33361000,8900,2024-02-07 00:00:00
20883,2,4442,4093550004491445,13254000,0,2024-04-10 00:00:00
20884,3,9377,4093550004494132,93477000,15000,2024-10-11 00:00:00
20885,1,3358,4093550004502715,456000,0,2023-02-14 00:00:00
20886,3,3358,4093550004511981,431000,15000,2024-11-06 00:00:00
20887,4,5273,4093550004514638,925000,0,2024-03-05 00:00:00
20888,4,3858,4093550004521950,28000,0,2023-07-27 00:00:00
20889,3,3858,4093550004526097,188871000,15000,2023-01-13 00:00:00
20890,2,1941,4093550004534267,2323000,8900,2024-08-25 00:00:00
20891,3,1151,4093550004541507,508479000,15000,2024-09-26 00:00:00
20892,4,1043,4093550004544909,2624000,0,2024-10-30 00:00:00
20893,4,4180,4093550004547291,826000,0,2023-02-20 00:00:00
20894,2,4438,4093550004550212,46643000,8900,2024-04-11 00:00:00
20895,1,4290,4093550004551738,84566000,8900,2023-03-11 00:00:00
20896,4,4290,4093550004552802,4716000,0,2023-10-27 00:00:00
20897,1,1344,4093550004554802,70039000,0,2024-06-21 00:00:00
20898,2,1344,4093550004555756,49141000,0,2023-04-22 00:00:00
20899,1,6207,4093550004565665,46428000,8900,2023-09-23 00:00:00
20900,2,6207,4093550004574884,25133000,8900,2024-05-23 00:00:00
20901,2,9245,4093550004577832,47291000,0,2023-05-02 00:00:00
20902,3,1673,4093550004579765,429335000,15000,2023-12-08 00:00:00
20903,1,1345,4093550004583244,1608000,0,2023-09-18 00:00:00
20904,3,9091,4093550004591546,2041000,15000,2023-12-16 00:00:00
20905,2,9091,4093550004600868,4177000,0,2024-09-22 00:00:00
20906,1,7288,4093550004604047,65097000,0,2024-04-30 00:00:00
20907,2,7288,4093550004611936,89368000,8900,2023-06-09 00:00:00
20908,3,8803,4093550004620734,249985000,15000,2024-06-17 00:00:00
20909,1,8803,4093550004625904,22014000,0,2024-07-22 00:00:00
20910,3,1715,4093550004631339,60873000,15000,2023-02-01 00:00:00
20911,2,1715,4093550004637487,11849000,0,2024-10-03 00:00:00
20912,4,2208,4093550004643870,1365000,0,2023-02-02 00:00:00
20913,1,5529,4093550004645293,79477000,0,2023-11-06 00:00:00
20914,3,5529,4093550004648161,458446000,15000,2023-04-25 00:00:00
20915,3,5980,4093550004648774,725390000,15000,2024-05-09 00:00:00
20916,1,6163,4093550004651299,77294000,0,2023-12-02 00:00:00
20917,4,3967,4093550004652909,3885000,0,2024-04-15 00:00:00
20918,3,8100,4093550004661468,340768000,15000,2024-12-04 00:00:00
20919,2,5226,4093550004662895,12000,8900,2024-06-17 00:00:00
20920,3,5226,4093550004668010,446000,15000,2024-10-16 00:00:00
20921,1,4025,4093550004673268,116259000,8900,2024-06-29 00:00:00
20922,3,4446,4093550004675196,15950000,15000,2023-04-28 00:00:00
20923,4,4446,4093550004684365,521000,0,2024-06-10 00:00:00
20924,4,2746,4093550004693254,2875000,0,2023-10-18 00:00:00
20925,1,2746,4093550004696061,31050000,8900,2023-03-14 00:00:00
20926,2,9465,4093550004701611,11934000,0,2024-04-27 00:00:00
20927,3,9465,4093550004702493,349776000,15000,2023-03-30 00:00:00
20928,1,6381,4093550004705426,146092000,0,2023-07-22 00:00:00
20929,4,6381,4093550004713056,1990000,0,2024-08-04 00:00:00
20930,1,8365,4093550004720729,28476000,0,2024-04-26 00:00:00
20931,4,2290,4093550004723084,9174000,0,2024-12-17 00:00:00
20932,1,2290,4093550004728497,49519000,8900,2023-11-29 00:00:00
20933,4,9317,4093550004729568,4230000,0,2024-04-17 00:00:00
20934,3,9317,4093550004734193,245732000,15000,2023-12-23 00:00:00
20935,2,8906,4093550004736281,119176000,0,2023-11-30 00:00:00
20936,1,3921,4093550004745010,82870000,0,2023-09-02 00:00:00
20937,2,3921,4093550004752914,52096000,0,2024-01-29 00:00:00
20938,1,2976,4093550004762597,18549000,0,2024-07-11 00:00:00
20939,2,2976,4093550004763874,12761000,8900,2024-08-10 00:00:00
20940,2,5932,4093550004773641,31842000,0,2024-03-31 00:00:00
20941,1,5932,4093550004780290,69023000,0,2023-03-13 00:00:00
20942,4,2934,4093550004790062,661000,0,2023-04-03 00:00:00
20943,1,2934,4093550004792339,22955000,0,2024-08-17 00:00:00
20944,1,1282,4093550004794784,341000,0,2023-07-20 00:00:00
20945,4,1282,4093550004799972,286000,0,2023-11-03 00:00:00
20946,2,2223,4093550004804962,84992000,8900,2024-09-18 00:00:00
20947,4,2223,4093550004809782,3702000,0,2023-03-05 00:00:00
20948,4,4498,4093550004818775,8615000,0,2023-04-23 00:00:00
20949,1,1729,4093550004819286,71610000,8900,2024-10-02 00:00:00
20950,2,2165,4093550004825939,48275000,0,2024-11-09 00:00:00
20951,1,2165,4093550004829023,84568000,8900,2024-07-22 00:00:00
20952,3,2463,4093550004834926,24108000,15000,2023-05-18 00:00:00
20953,1,2463,4093550004835184,66306000,8900,2023-05-28 00:00:00
20954,1,5546,4093550004837409,31539000,8900,2024-04-11 00:00:00
20955,1,9503,4093550004844854,43340000,0,2023-08-20 00:00:00
20956,3,9503,4093550004844976,406053000,15000,2024-08-14 00:00:00
20957,1,6758,4093550004848855,28839000,0,2023-02-04 00:00:00
20958,2,6758,4093550004854894,48125000,8900,2023-04-26 00:00:00
20959,4,7028,4093550004856206,4451000,0,2024-06-19 00:00:00
20960,2,1954,4093550004857656,61884000,8900,2024-12-01 00:00:00
20961,1,9870,4093550004863285,42970000,8900,2024-08-10 00:00:00
20962,3,3207,4093550004868113,49066000,15000,2024-07-31 00:00:00
20963,4,3207,4093550004875866,346000,0,2024-08-15 00:00:00
20964,4,5473,4093550004876712,1281000,0,2023-03-26 00:00:00
20965,3,5473,4093550004877972,212860000,15000,2023-10-12 00:00:00
20966,2,1901,4093550004882576,91148000,0,2024-09-10 00:00:00
20967,4,1901,4093550004885053,4475000,0,2024-11-05 00:00:00
20968,3,6713,4093550004887927,1036487000,15000,2024-06-24 00:00:00
20969,1,6713,4093550004893545,89938000,0,2023-03-28 00:00:00
20970,3,7771,4093550004896071,181672000,15000,2024-11-07 00:00:00
20971,1,7771,4093550004898812,3662000,8900,2023-08-04 00:00:00
20972,3,3193,4093550004903144,388842000,15000,2024-02-13 00:00:00
20973,1,6127,4093550004910948,2263000,8900,2024-04-30 00:00:00
20974,1,6646,4093550004918071,48126000,8900,2024-11-25 00:00:00
20975,1,7799,4093550004918744,41163000,8900,2023-12-10 00:00:00
20976,3,3266,4093550004920355,712638000,15000,2024-11-19 00:00:00
20977,1,3266,4093550004923549,102141000,8900,2024-06-16 00:00:00
20978,2,5067,4093550004926497,62570000,0,2023-03-11 00:00:00
20979,4,5067,4093550004935103,10287000,0,2023-04-17 00:00:00
20980,4,2343,4093550004940863,57000,0,2023-02-04 00:00:00
20981,4,1296,4093550004942370,261000,0,2023-05-03 00:00:00
20982,2,6238,4093550004952278,26454000,0,2023-04-24 00:00:00
20983,1,8285,4093550004959929,13609000,8900,2024-12-09 00:00:00
20984,4,8991,4093550004961142,498000,0,2023-12-07 00:00:00
20985,3,8991,4093550004965373,90000,15000,2023-09-29 00:00:00
20986,1,7556,4093550004966511,9024000,8900,2023-07-02 00:00:00
20987,4,7556,4093550004975369,1646000,0,2024-03-17 00:00:00
20988,2,1009,4093550004977110,86345000,0,2023-03-16 00:00:00
20989,4,1009,4093550004981216,296000,0,2024-04-01 00:00:00
20990,3,4814,4093550004989371,134012000,15000,2023-09-30 00:00:00
20991,4,1212,4093550004994775,219000,0,2024-05-04 00:00:00
20992,2,1212,4093550004995924,3000,0,2024-07-07 00:00:00
20993,1,1073,4093550005003823,3198000,0,2024-02-15 00:00:00
20994,4,4325,4093550005005309,6483000,0,2023-10-24 00:00:00
20995,2,4325,4093550005008203,96800000,0,2024-07-21 00:00:00
20996,3,4551,4093550005011333,115562000,15000,2024-05-13 00:00:00
20997,2,4551,4093550005018509,6801000,0,2023-07-14 00:00:00
20998,3,2790,4093550005018925,520075000,15000,2024-07-07 00:00:00
20999,3,9265,4093550005027112,415197000,15000,2023-02-27 00:00:00
21000,2,9265,4093550005027814,32934000,0,2024-02-20 00:00:00
21001,4,1594,4093550005036385,383000,0,2023-03-15 00:00:00
21002,1,1594,4093550005038705,47915000,0,2024-05-15 00:00:00
21003,4,6282,4093550005039456,26000,0,2024-10-09 00:00:00
21004,2,1734,4093550005044492,82053000,0,2024-08-28 00:00:00
21005,2,1929,4093550005046235,43482000,0,2023-03-06 00:00:00
21006,2,6863,4093550005052822,38447000,0,2023-11-26 00:00:00
21007,4,6863,4093550005062540,1684000,0,2023-06-27 00:00:00
21008,3,9843,4093550005064519,305393000,15000,2024-12-14 00:00:00
21009,1,9843,4093550005067223,92679000,0,2024-03-25 00:00:00
21010,4,7098,4093550005067890,41000,0,2023-06-11 00:00:00
21011,2,9587,4093550005075869,63309000,8900,2023-04-02 00:00:00
21012,3,7243,4093550005083668,368579000,15000,2024-06-19 00:00:00
21013,2,5393,4093550005087588,94638000,0,2024-05-26 00:00:00
21014,2,8444,4093550005092523,98680000,0,2023-07-16 00:00:00
21015,3,8444,4093550005094091,299093000,15000,2024-09-25 00:00:00
21016,2,9522,4093550005102934,20581000,0,2023-10-11 00:00:00
21017,2,4861,4093550005105379,6822000,0,2024-11-17 00:00:00
21018,3,4861,4093550005111346,179528000,15000,2023-10-19 00:00:00
21019,2,4765,4093550005115465,874000,0,2023-02-23 00:00:00
21020,3,4765,4093550005115942,2623000,15000,2024-05-11 00:00:00
21021,1,5378,4093550005117103,75088000,0,2024-03-05 00:00:00
21022,3,2837,4093550005122440,201138000,15000,2023-04-11 00:00:00
21023,2,9228,4093550005129200,6852000,8900,2024-04-27 00:00:00
21024,1,6730,4093550005136342,38288000,8900,2023-07-02 00:00:00
21025,4,8094,4093550005143842,645000,0,2023-12-10 00:00:00
21026,2,5810,4093550005153160,63606000,8900,2024-04-21 00:00:00
21027,2,5148,4093550005158790,29328000,0,2024-10-15 00:00:00
21028,4,2725,4093550005167847,8880000,0,2023-08-10 00:00:00
21029,4,7030,4093550005175429,125000,0,2023-09-10 00:00:00
21030,2,7030,4093550005182544,446000,0,2024-08-16 00:00:00
21031,3,9749,4093550005192240,396597000,15000,2023-02-11 00:00:00
21032,1,3177,4093550005200502,46065000,0,2024-05-05 00:00:00
21033,4,1703,4093550005204443,672000,0,2023-08-12 00:00:00
21034,3,6295,4093550005209290,376231000,15000,2024-11-16 00:00:00
21035,3,3456,4093550005216815,203000,15000,2024-12-21 00:00:00
21036,2,2142,4093550005222884,80342000,8900,2024-01-30 00:00:00
21037,4,2142,4093550005227744,11297000,0,2024-03-12 00:00:00
21038,4,1950,4093550005236632,2579000,0,2023-02-26 00:00:00
21039,4,3285,4093550005242596,6197000,0,2024-04-21 00:00:00
21040,4,9226,4093550005248586,7098000,0,2024-07-28 00:00:00
21041,1,9226,4093550005251941,25005000,8900,2023-05-22 00:00:00
21042,4,5581,4093550005253802,3537000,0,2023-11-25 00:00:00
21043,1,5581,4093550005258183,28799000,8900,2024-05-30 00:00:00
21044,1,4363,4093550005259222,47811000,0,2024-05-28 00:00:00
21045,4,4363,4093550005267937,8256000,0,2024-11-25 00:00:00
21046,2,6787,4093550005272726,5278000,8900,2023-07-12 00:00:00
21047,1,6787,4093550005279127,47955000,8900,2023-07-03 00:00:00
21048,3,6660,4093550005280388,131144000,15000,2024-12-14 00:00:00
21049,4,4228,4093550005282854,5421000,0,2024-11-29 00:00:00
21050,1,8159,4093550005285018,6539000,0,2024-10-22 00:00:00
21051,4,8159,4093550005286050,1745000,0,2023-01-23 00:00:00
21052,1,3872,4093550005289857,244000,8900,2024-11-02 00:00:00
21053,2,3872,4093550005298544,230000,8900,2024-07-15 00:00:00
21054,4,1568,4093550005307838,974000,0,2023-08-21 00:00:00
21055,1,7863,4093550005312559,310000,0,2024-04-11 00:00:00
21056,4,3040,4093550005315194,2390000,0,2023-06-15 00:00:00
21057,3,3040,4093550005315869,466002000,15000,2023-11-21 00:00:00
21058,2,8291,4093550005323093,67057000,0,2024-07-29 00:00:00
21059,4,8291,4093550005328727,3739000,0,2023-06-01 00:00:00
21060,2,3354,4093550005337573,15602000,8900,2024-02-19 00:00:00
21061,3,2884,4093550005345078,850960000,15000,2024-10-24 00:00:00
21062,4,2884,4093550005352843,14545000,0,2023-10-24 00:00:00
21063,3,9578,4093550005362243,361068000,15000,2024-05-05 00:00:00
21064,4,3009,4093550005364528,8411000,0,2024-09-24 00:00:00
21065,3,1565,4093550005371835,518430000,15000,2024-09-14 00:00:00
21066,4,1565,4093550005381394,2233000,0,2024-06-23 00:00:00
21067,3,9318,4093550005385948,542173000,15000,2024-11-24 00:00:00
21068,1,6725,4093550005387380,18260000,0,2024-09-09 00:00:00
21069,3,6725,4093550005393296,32192000,15000,2024-02-12 00:00:00
21070,3,7597,4093550005400303,83763000,15000,2023-10-19 00:00:00
21071,1,7597,4093550005405351,6589000,0,2024-04-01 00:00:00
21072,3,2354,4093550005412630,294156000,15000,2024-03-10 00:00:00
21073,1,2354,4093550005419417,8038000,0,2023-05-23 00:00:00
21074,4,7621,4093550005424386,114000,0,2023-04-01 00:00:00
21075,2,7621,4093550005428865,84038000,0,2024-02-29 00:00:00
21076,3,8541,4093550005438170,336781000,15000,2023-10-24 00:00:00
21077,1,5902,4093550005438862,118996000,0,2023-08-18 00:00:00
21078,4,5902,4093550005441386,4513000,0,2023-09-26 00:00:00
21079,4,3090,4093550005449129,9069000,0,2024-05-18 00:00:00
21080,4,1096,4093550005453139,1801000,0,2023-03-10 00:00:00
21081,1,3958,4093550005459067,8091000,0,2024-12-11 00:00:00
21082,3,3958,4093550005468493,136792000,15000,2023-01-18 00:00:00
21083,1,3476,4093550005471162,7790000,0,2024-12-10 00:00:00
21084,1,5109,4093550005472029,30229000,8900,2023-02-19 00:00:00
21085,4,5109,4093550005473288,1950000,0,2024-06-10 00:00:00
21086,1,2977,4093550005476291,8872000,8900,2023-11-20 00:00:00
21087,2,6401,4093550005482231,38242000,8900,2023-05-21 00:00:00
21088,2,6201,4093550005490176,252000,0,2023-08-12 00:00:00
21089,4,6201,4093550005493264,307000,0,2024-07-26 00:00:00
21090,3,3774,4093550005501877,132827000,15000,2023-04-30 00:00:00
21091,1,1533,4093550005502162,445000,8900,2023-05-23 00:00:00
21092,4,1533,4093550005511954,382000,0,2024-06-19 00:00:00
21093,2,9224,4093550005517559,85896000,0,2023-08-16 00:00:00
21094,2,1314,4093550005519892,32436000,0,2023-05-14 00:00:00
21095,4,6584,4093550005521723,2957000,0,2023-02-13 00:00:00
21096,3,5074,4093550005522261,19937000,15000,2023-02-14 00:00:00
21097,2,3392,4093550005522430,10054000,0,2024-08-24 00:00:00
21098,3,9967,4093550005528190,145656000,15000,2024-08-16 00:00:00
21099,2,3027,4093550005530821,10766000,0,2024-06-25 00:00:00
21100,2,8454,4093550005535439,37597000,8900,2023-08-08 00:00:00
21101,2,9911,4093550005545096,73616000,8900,2023-07-05 00:00:00
21102,3,9704,4093550005552045,112038000,15000,2023-11-18 00:00:00
21103,1,3238,4093550005553853,5030000,0,2024-07-24 00:00:00
21104,1,6979,4093550005561942,69174000,8900,2024-09-06 00:00:00
21105,1,5309,4093550005569216,18000000,0,2023-07-13 00:00:00
21106,3,1918,4093550005577010,97560000,15000,2024-11-19 00:00:00
21107,4,1918,4093550005584188,6591000,0,2024-06-19 00:00:00
21108,1,8128,4093550005585581,15087000,0,2024-12-12 00:00:00
21109,4,3489,4093550005588346,2979000,0,2023-07-25 00:00:00
21110,1,3727,4093550005594970,113811000,8900,2023-10-13 00:00:00
21111,1,6058,4093550005601528,8221000,8900,2024-05-11 00:00:00
21112,2,6058,4093550005608977,13284000,0,2023-04-21 00:00:00
21113,4,7185,4093550005617125,2491000,0,2023-02-24 00:00:00
21114,1,1612,4093550005625287,12817000,8900,2023-06-06 00:00:00
21115,3,2407,4093550005626866,534743000,15000,2023-10-28 00:00:00
21116,2,6466,4093550005634899,17722000,8900,2023-02-02 00:00:00
21117,1,6466,4093550005636851,6977000,8900,2024-01-28 00:00:00
21118,2,4743,4093550005643017,88643000,8900,2023-07-01 00:00:00
21119,3,4743,4093550005645707,353085000,15000,2024-05-18 00:00:00
21120,3,6720,4093550005650827,2814000,15000,2024-11-06 00:00:00
21121,2,6720,4093550005659665,2432000,8900,2024-08-08 00:00:00
21122,1,3697,4093550005662226,309000,8900,2024-08-28 00:00:00
21123,2,9305,4093550005668006,20537000,0,2024-08-27 00:00:00
21124,4,9305,4093550005674010,12146000,0,2023-12-24 00:00:00
21125,4,3769,4093550005683578,173000,0,2024-03-14 00:00:00
21126,2,6854,4093550005689434,32756000,0,2023-09-11 00:00:00
21127,4,6854,4093550005699143,4553000,0,2023-03-28 00:00:00
21128,3,2372,4093550005700217,653024000,15000,2023-01-21 00:00:00
21129,4,2372,4093550005700830,9872000,0,2024-04-16 00:00:00
21130,4,6618,4093550005707752,237000,0,2024-08-25 00:00:00
21131,2,6618,4093550005712938,33259000,8900,2024-01-22 00:00:00
21132,2,6516,4093550005714540,51023000,8900,2023-12-11 00:00:00
21133,4,6516,4093550005720104,6154000,0,2023-06-20 00:00:00
21134,3,8607,4093550005726057,183053000,15000,2024-07-02 00:00:00
21135,1,8607,4093550005730402,99628000,8900,2023-02-18 00:00:00
21136,2,7210,4093550005736989,28426000,8900,2024-08-29 00:00:00
21137,3,5912,4093550005746270,787071000,15000,2023-03-20 00:00:00
21138,2,5912,4093550005751216,65787000,8900,2024-05-31 00:00:00
21139,1,4699,4093550005760063,67649000,8900,2023-09-15 00:00:00
21140,3,4699,4093550005769035,706504000,15000,2023-07-04 00:00:00
21141,3,5395,4093550005777493,750673000,15000,2023-10-02 00:00:00
21142,2,8067,4093550005786222,824000,8900,2024-01-09 00:00:00
21143,4,8067,4093550005788688,3851000,0,2024-12-02 00:00:00
21144,2,8167,4093550005795822,82636000,8900,2024-02-27 00:00:00
21145,4,8167,4093550005798454,6873000,0,2023-09-20 00:00:00
21146,4,5219,4093550005802323,65000,0,2023-07-16 00:00:00
21147,3,5219,4093550005807411,82807000,15000,2024-04-20 00:00:00
21148,2,3220,4093550005814557,534000,0,2023-10-07 00:00:00
21149,3,3220,4093550005819109,66534000,15000,2024-11-05 00:00:00
21150,2,4183,4093550005819801,86916000,8900,2023-11-18 00:00:00
21151,3,4183,4093550005826470,542263000,15000,2024-01-08 00:00:00
21152,4,7492,4093550005827950,1472000,0,2024-08-07 00:00:00
21153,3,7492,4093550005829927,109633000,15000,2024-06-18 00:00:00
21154,2,1278,4093550005839437,15691000,0,2024-09-06 00:00:00
21155,3,1278,4093550005844572,134850000,15000,2023-12-04 00:00:00
21156,2,9991,4093550005850961,5068000,0,2023-04-20 00:00:00
21157,3,6926,4093550005855460,433774000,15000,2024-05-17 00:00:00
21158,1,6926,4093550005857311,48273000,8900,2023-11-21 00:00:00
21159,1,2332,4093550005861348,4630000,8900,2024-01-12 00:00:00
21160,3,2332,4093550005871274,1012145000,15000,2023-02-05 00:00:00
21161,1,8965,4093550005872170,452000,8900,2023-11-13 00:00:00
21162,3,5848,4093550005874170,557229000,15000,2024-02-07 00:00:00
21163,3,2462,4093550005878357,1033409000,15000,2023-08-04 00:00:00
21164,2,2462,4093550005880983,132101000,8900,2024-03-25 00:00:00
21165,4,2344,4093550005887640,5530000,0,2024-04-27 00:00:00
21166,3,2687,4093550005893092,67098000,15000,2024-06-02 00:00:00
21167,2,2687,4093550005899988,46146000,8900,2024-09-08 00:00:00
21168,1,5728,4093550005900437,1803000,0,2024-10-18 00:00:00
21169,2,1015,4093550005903716,13231000,0,2023-04-24 00:00:00
21170,1,1015,4093550005905848,39839000,8900,2024-08-31 00:00:00
21171,2,6249,4093550005911082,3469000,0,2023-09-24 00:00:00
21172,1,6249,4093550005916450,514000,0,2023-10-16 00:00:00
21173,3,1011,4093550005922473,759266000,15000,2023-01-22 00:00:00
21174,3,3302,4093550005931624,168751000,15000,2023-09-26 00:00:00
21175,1,8275,4093550005934389,23664000,8900,2024-09-06 00:00:00
21176,3,6983,4093550005940418,414000,15000,2024-04-09 00:00:00
21177,4,7280,4093550005948515,4731000,0,2023-07-15 00:00:00
21178,3,1781,4093550005952877,687225000,15000,2024-03-17 00:00:00
21179,1,1781,4093550005962709,73081000,8900,2023-08-09 00:00:00
21180,3,3375,4093550005965812,1522000,15000,2023-01-30 00:00:00
21181,1,3375,4093550005970102,4546000,8900,2023-08-30 00:00:00
21182,3,2253,4093550005976159,209339000,15000,2023-05-17 00:00:00
21183,2,2253,4093550005982673,21443000,0,2024-12-04 00:00:00
21184,2,7286,4093550005989609,139763000,8900,2023-02-23 00:00:00
21185,3,7286,4093550005997325,1196136000,15000,2023-12-29 00:00:00
21186,4,3423,4093550006007127,587000,0,2023-11-06 00:00:00
21187,2,8868,4093550006013204,51119000,0,2023-09-24 00:00:00
21188,3,1220,4093550006018762,354850000,15000,2024-06-27 00:00:00
21189,4,1220,4093550006023029,3143000,0,2023-04-30 00:00:00
21190,1,8029,4093550006025125,451000,8900,2024-03-16 00:00:00
21191,2,8029,4093550006029438,259000,8900,2024-09-19 00:00:00
21192,1,6391,4093550006036578,9403000,8900,2023-06-04 00:00:00
21193,4,8198,4093550006039014,1309000,0,2024-04-26 00:00:00
21194,3,2388,4093550006046668,294868000,15000,2024-03-28 00:00:00
21195,4,2388,4093550006055858,4586000,0,2024-05-11 00:00:00
21196,3,3201,4093550006057702,696516000,15000,2023-07-28 00:00:00
21197,2,8350,4093550006060662,79613000,0,2024-08-20 00:00:00
21198,2,2059,4093550006070014,88906000,0,2024-05-25 00:00:00
21199,4,2424,4093550006070440,4646000,0,2024-08-27 00:00:00
21200,3,2424,4093550006072178,69972000,15000,2023-11-28 00:00:00
21201,1,8590,4093550006073507,33949000,0,2024-08-31 00:00:00
21202,3,8590,4093550006074226,503556000,15000,2024-11-02 00:00:00
21203,4,1256,4093550006081650,856000,0,2024-10-21 00:00:00
21204,3,1256,4093550006082560,135846000,15000,2023-03-14 00:00:00
21205,4,1552,4093550006092428,2412000,0,2023-07-02 00:00:00
21206,3,1552,4093550006098964,31102000,15000,2023-04-02 00:00:00
21207,1,9816,4093550006102376,9925000,0,2024-10-24 00:00:00
21208,2,9920,4093550006110419,41771000,0,2024-01-03 00:00:00
21209,1,9920,4093550006118819,22827000,8900,2023-07-24 00:00:00
21210,1,9478,4093550006125178,40739000,8900,2023-04-03 00:00:00
21211,2,9478,4093550006128232,5554000,8900,2024-03-20 00:00:00
21212,2,7000,4093550006136643,93171000,0,2024-10-25 00:00:00
21213,1,7000,4093550006145282,30134000,0,2024-10-06 00:00:00
21214,3,9099,4093550006152448,276882000,15000,2023-05-11 00:00:00
21215,3,9856,4093550006157370,21480000,15000,2024-07-18 00:00:00
21216,3,3265,4093550006158109,533771000,15000,2024-04-20 00:00:00
21217,4,5068,4093550006167423,177000,0,2024-05-30 00:00:00
21218,1,5068,4093550006175007,84527000,0,2023-07-03 00:00:00
21219,1,6896,4093550006175749,3811000,8900,2023-11-18 00:00:00
21220,2,3634,4093550006183121,75082000,0,2023-07-09 00:00:00
21221,4,3634,4093550006193018,8718000,0,2023-09-23 00:00:00
21222,3,5159,4093550006194761,30766000,15000,2023-04-30 00:00:00
21223,2,5159,4093550006202579,130514000,8900,2024-04-16 00:00:00
21224,1,5050,4093550006212441,40427000,8900,2024-12-08 00:00:00
21225,2,5050,4093550006213877,1680000,0,2023-05-09 00:00:00
21226,4,6247,4093550006215711,3278000,0,2024-05-07 00:00:00
21227,3,8269,4093550006219673,131310000,15000,2024-04-19 00:00:00
21228,4,8269,4093550006226586,1178000,0,2023-01-23 00:00:00
21229,3,1682,4093550006229084,474403000,15000,2024-04-05 00:00:00
21230,1,1682,4093550006232383,6516000,8900,2023-10-29 00:00:00
21231,1,6354,4093550006232513,5146000,8900,2024-08-15 00:00:00
21232,2,6072,4093550006239062,2168000,0,2024-06-24 00:00:00
21233,3,6072,4093550006244237,411000,15000,2024-07-20 00:00:00
21234,4,1194,4093550006251072,10467000,0,2024-04-04 00:00:00
21235,3,1194,4093550006251413,356293000,15000,2023-06-15 00:00:00
21236,4,2855,4093550006254563,2209000,0,2024-06-03 00:00:00
21237,1,2855,4093550006260120,14419000,8900,2024-09-08 00:00:00
21238,1,6196,4093550006264927,12815000,0,2024-04-28 00:00:00
21239,2,6196,4093550006269555,13674000,0,2024-12-08 00:00:00
21240,3,9312,4093550006271671,478155000,15000,2023-04-14 00:00:00
21241,4,1746,4093550006279761,1800000,0,2023-01-19 00:00:00
21242,3,1746,4093550006284035,274002000,15000,2024-01-01 00:00:00
21243,4,8180,4093550006286898,9269000,0,2023-04-27 00:00:00
21244,1,7005,4093550006288876,77354000,0,2023-12-30 00:00:00
21245,4,5744,4093550006298003,9267000,0,2023-02-21 00:00:00
21246,1,5744,4093550006305177,97504000,0,2024-04-13 00:00:00
21247,2,3992,4093550006315166,43673000,0,2023-06-21 00:00:00
21248,1,2895,4093550006321092,22017000,8900,2024-06-02 00:00:00
21249,4,4186,4093550006322719,8488000,0,2023-05-06 00:00:00
21250,3,7601,4093550006329914,240105000,15000,2023-12-16 00:00:00
21251,2,7601,4093550006332720,38185000,8900,2023-03-29 00:00:00
21252,3,3893,4093550006339520,178523000,15000,2023-08-22 00:00:00
21253,4,3893,4093550006346546,13772000,0,2024-02-28 00:00:00
21254,3,8776,4093550006354063,86397000,15000,2023-01-11 00:00:00
21255,4,8776,4093550006362540,128000,0,2023-03-13 00:00:00
21256,3,9399,4093550006367698,610966000,15000,2024-02-07 00:00:00
21257,1,9399,4093550006370172,97807000,0,2024-08-11 00:00:00
21258,1,7476,4093550006378689,2278000,8900,2023-11-18 00:00:00
21259,3,7476,4093550006383273,494165000,15000,2024-06-24 00:00:00
21260,2,3004,4093550006385680,349000,8900,2024-07-11 00:00:00
21261,1,3004,4093550006392308,43000,8900,2023-07-22 00:00:00
21262,2,2149,4093550006401114,5061000,8900,2024-06-16 00:00:00
21263,1,2149,4093550006409498,10905000,8900,2024-07-19 00:00:00
21264,4,5456,4093550006412120,8325000,0,2023-09-05 00:00:00
21265,2,7198,4093550006417100,63258000,8900,2024-01-17 00:00:00
21266,4,7198,4093550006422908,492000,0,2023-05-07 00:00:00
21267,2,9868,4093550006424952,147468000,8900,2024-04-09 00:00:00
21268,1,9868,4093550006434481,53525000,0,2024-08-02 00:00:00
21269,2,8324,4093550006439143,52371000,8900,2023-04-18 00:00:00
21270,2,9125,4093550006442298,9572000,8900,2024-03-11 00:00:00
21271,3,9125,4093550006443317,712480000,15000,2024-03-11 00:00:00
21272,3,6086,4093550006451120,264000,15000,2024-11-24 00:00:00
21273,1,3385,4093550006460758,498000,8900,2024-10-13 00:00:00
21274,2,3385,4093550006468779,73000,0,2024-03-02 00:00:00
21275,2,9676,4093550006470862,2332000,0,2024-12-12 00:00:00
21276,3,9676,4093550006471397,4726000,15000,2023-06-10 00:00:00
21277,2,9518,4093550006477449,1765000,8900,2024-01-14 00:00:00
21278,1,9497,4093550006479961,243000,8900,2023-11-07 00:00:00
21279,3,6273,4093550006482302,184231000,15000,2023-10-18 00:00:00
21280,4,5510,4093550006490311,8706000,0,2023-03-11 00:00:00
21281,1,3255,4093550006497153,24286000,8900,2023-12-12 00:00:00
21282,2,3255,4093550006507077,25733000,0,2023-05-16 00:00:00
21283,3,1197,4093550006514629,962777000,15000,2023-04-02 00:00:00
21284,2,1197,4093550006521341,135186000,0,2024-02-01 00:00:00
21285,1,7356,4093550006526896,86796000,0,2024-10-23 00:00:00
21286,2,9674,4093550006527303,47907000,0,2023-07-17 00:00:00
21287,4,9674,4093550006535852,3755000,0,2023-07-13 00:00:00
21288,2,9124,4093550006544088,78996000,8900,2023-01-20 00:00:00
21289,4,3164,4093550006548107,1182000,0,2024-02-16 00:00:00
21290,2,3164,4093550006556160,9303000,8900,2023-01-24 00:00:00
21291,1,7348,4093550006562959,98009000,0,2023-04-04 00:00:00
21292,2,2986,4093550006571836,16691000,0,2023-09-19 00:00:00
21293,4,8096,4093550006578509,233000,0,2023-07-05 00:00:00
21294,3,3733,4093550006579468,99958000,15000,2023-05-26 00:00:00
21295,2,3733,4093550006584780,28256000,8900,2023-09-22 00:00:00
21296,4,8859,4093550006586762,7637000,0,2024-05-19 00:00:00
21297,3,3206,4093550006595027,79724000,15000,2023-11-22 00:00:00
21298,4,3206,4093550006601697,974000,0,2023-03-09 00:00:00
21299,3,8486,4093550006608374,460157000,15000,2023-09-10 00:00:00
21300,3,6229,4093550006610432,120853000,15000,2024-10-13 00:00:00
21301,1,6229,4093550006612765,23493000,0,2024-01-18 00:00:00
21302,2,4950,4093550006621572,13408000,8900,2024-04-20 00:00:00
21303,3,4950,4093550006624315,19026000,15000,2023-01-01 00:00:00
21304,1,1798,4093550006632216,59138000,0,2023-12-26 00:00:00
21305,2,1798,4093550006640578,17400000,0,2023-10-16 00:00:00
21306,4,6616,4093550006649329,1243000,0,2024-12-16 00:00:00
21307,3,1529,4093550006651618,757146000,15000,2024-11-29 00:00:00
21308,2,1529,4093550006655901,25724000,8900,2024-04-08 00:00:00
21309,1,2075,4093550006661171,48837000,0,2023-01-17 00:00:00
21310,3,2075,4093550006661205,291152000,15000,2024-09-15 00:00:00
21311,1,4530,4093550006661362,79050000,0,2024-02-07 00:00:00
21312,2,7481,4093550006662633,124379000,8900,2023-12-28 00:00:00
21313,4,4465,4093550006668498,232000,0,2023-05-08 00:00:00
21314,1,4465,4093550006671660,112000,0,2024-03-31 00:00:00
21315,2,5229,4093550006671985,81129000,8900,2024-09-20 00:00:00
21316,4,5229,4093550006675609,9801000,0,2023-08-28 00:00:00
21317,4,3925,4093550006681557,2953000,0,2023-01-08 00:00:00
21318,1,8077,4093550006688047,3333000,0,2023-06-24 00:00:00
21319,2,4715,4093550006697316,20212000,0,2023-03-08 00:00:00
21320,2,3801,4093550006706654,68547000,8900,2024-12-10 00:00:00
21321,2,5207,4093550006714092,63481000,8900,2023-11-27 00:00:00
21322,4,8930,4093550006720759,2717000,0,2024-05-22 00:00:00
21323,2,8930,4093550006721472,21567000,0,2023-08-18 00:00:00
21324,4,5724,4093550006728355,5031000,0,2023-07-19 00:00:00
21325,2,5724,4093550006737724,146747000,0,2023-01-26 00:00:00
21326,4,7772,4093550006744668,156000,0,2023-12-04 00:00:00
21327,3,2567,4093550006746253,129583000,15000,2024-08-29 00:00:00
21328,3,8926,4093550006751731,767660000,15000,2023-09-02 00:00:00
21329,4,8926,4093550006752623,5204000,0,2023-12-08 00:00:00
21330,3,2352,4093550006756502,28724000,15000,2024-08-15 00:00:00
21331,3,4832,4093550006757497,88473000,15000,2023-05-11 00:00:00
21332,1,2129,4093550006764738,3420000,0,2023-03-09 00:00:00
21333,1,9468,4093550006773901,24462000,8900,2023-04-09 00:00:00
21334,1,6016,4093550006783725,170000,0,2024-03-14 00:00:00
21335,2,5663,4093550006784151,7000,0,2023-04-21 00:00:00
21336,1,5663,4093550006785258,452000,0,2024-08-30 00:00:00
21337,1,9932,4093550006787323,19813000,8900,2024-09-27 00:00:00
21338,4,9932,4093550006789579,619000,0,2023-02-15 00:00:00
21339,4,9882,4093550006794686,4703000,0,2023-05-31 00:00:00
21340,1,9882,4093550006804571,37830000,8900,2023-12-18 00:00:00
21341,2,3856,4093550006804704,4713000,8900,2024-03-08 00:00:00
21342,3,9101,4093550006807987,388444000,15000,2024-11-14 00:00:00
21343,1,1748,4093550006815645,8952000,8900,2024-03-04 00:00:00
21344,2,1748,4093550006823089,11751000,8900,2023-02-13 00:00:00
21345,3,2993,4093550006823150,23595000,15000,2023-09-02 00:00:00
21346,3,8423,4093550006828582,64423000,15000,2023-01-07 00:00:00
21347,1,8423,4093550006829791,11539000,0,2024-01-02 00:00:00
21348,3,1543,4093550006832125,1170741000,15000,2023-02-14 00:00:00
21349,2,1543,4093550006835388,27361000,8900,2023-07-22 00:00:00
21350,2,8724,4093550006839681,3617000,0,2023-07-02 00:00:00
21351,2,4779,4093550006843971,34831000,0,2024-01-24 00:00:00
21352,3,7049,4093550006847416,3338000,15000,2024-01-17 00:00:00
21353,2,7049,4093550006856050,4404000,8900,2024-09-30 00:00:00
21354,4,7370,4093550006857122,5333000,0,2023-07-16 00:00:00
21355,2,2601,4093550006863254,85662000,0,2023-02-17 00:00:00
21356,1,2601,4093550006868074,25846000,8900,2023-06-02 00:00:00
21357,2,5271,4093550006872663,4181000,0,2024-04-26 00:00:00
21358,1,4027,4093550006879022,71680000,8900,2023-07-03 00:00:00
21359,2,4027,4093550006887632,71992000,8900,2024-12-12 00:00:00
21360,1,3602,4093550006895739,21909000,0,2024-10-15 00:00:00
21361,2,3602,4093550006899065,40496000,0,2024-04-07 00:00:00
21362,2,9670,4093550006904079,3348000,8900,2024-01-19 00:00:00
21363,1,9670,4093550006906280,2723000,8900,2023-03-28 00:00:00
21364,4,2362,4093550006912041,4520000,0,2024-03-12 00:00:00
21365,1,2768,4093550006919128,2829000,8900,2023-10-07 00:00:00
21366,4,2768,4093550006926365,2000000,0,2023-08-28 00:00:00
21367,3,5781,4093550006927609,1113028000,15000,2023-10-11 00:00:00
21368,4,5781,4093550006929222,1084000,0,2023-05-02 00:00:00
21369,4,4558,4093550006929850,2277000,0,2023-09-14 00:00:00
21370,1,9163,4093550006934347,29262000,8900,2023-01-09 00:00:00
21371,2,4762,4093550006940027,86748000,0,2024-04-28 00:00:00
21372,1,4762,4093550006943756,48232000,0,2023-08-21 00:00:00
21373,3,3378,4093550006952208,423000,15000,2023-11-17 00:00:00
21374,1,3378,4093550006959234,106000,8900,2024-12-15 00:00:00
21375,2,1383,4093550006966607,15494000,0,2023-11-09 00:00:00
21376,1,2889,4093550006972418,38379000,8900,2024-12-03 00:00:00
21377,3,2889,4093550006981227,137171000,15000,2023-11-03 00:00:00
21378,3,1825,4093550006981608,255637000,15000,2024-08-04 00:00:00
21379,3,3519,4093550006991488,218451000,15000,2023-03-07 00:00:00
21380,2,3519,4093550006994574,17113000,0,2024-05-01 00:00:00
21381,2,7536,4093550007001972,4658000,0,2024-11-22 00:00:00
21382,3,7536,4093550007011858,36068000,15000,2024-05-15 00:00:00
21383,3,7137,4093550007015119,359960000,15000,2023-08-27 00:00:00
21384,3,1637,4093550007023711,4135000,15000,2024-06-14 00:00:00
21385,2,5307,4093550007029065,36391000,8900,2023-05-13 00:00:00
21386,3,5307,4093550007030192,573507000,15000,2024-02-03 00:00:00
21387,1,2880,4093550007033575,25079000,8900,2024-11-11 00:00:00
21388,1,6154,4093550007042998,2605000,0,2023-10-10 00:00:00
21389,4,6154,4093550007045336,974000,0,2024-04-01 00:00:00
21390,1,8015,4093550007051878,288000,8900,2024-04-16 00:00:00
21391,1,7591,4093550007053371,42383000,0,2024-02-05 00:00:00
21392,3,7591,4093550007056314,590597000,15000,2024-09-24 00:00:00
21393,4,1804,4093550007063816,2096000,0,2024-02-07 00:00:00
21394,1,1804,4093550007064532,8322000,0,2023-09-03 00:00:00
21395,2,6468,4093550007073343,19855000,8900,2024-05-20 00:00:00
21396,4,6468,4093550007082401,1991000,0,2023-05-05 00:00:00
21397,1,6810,4093550007083655,21926000,8900,2023-06-18 00:00:00
21398,3,2071,4093550007084387,284771000,15000,2024-01-26 00:00:00
21399,2,2071,4093550007090930,5221000,8900,2023-07-19 00:00:00
21400,1,4085,4093550007095036,4344000,8900,2024-05-11 00:00:00
21401,3,9457,4093550007104022,675627000,15000,2023-10-13 00:00:00
21402,3,6232,4093550007106817,648565000,15000,2023-05-08 00:00:00
21403,2,8374,4093550007113221,24294000,8900,2024-11-24 00:00:00
21404,4,2305,4093550007119088,7991000,0,2024-11-22 00:00:00
21405,4,1958,4093550007126331,800000,0,2024-03-30 00:00:00
21406,2,8783,4093550007126408,1080000,0,2024-01-19 00:00:00
21407,3,4072,4093550007126671,548768000,15000,2023-07-16 00:00:00
21408,2,4072,4093550007127707,79997000,0,2023-08-14 00:00:00
21409,3,5450,4093550007130458,135845000,15000,2023-12-01 00:00:00
21410,3,2980,4093550007133564,93374000,15000,2023-08-26 00:00:00
21411,3,2609,4093550007139407,1650000,15000,2024-10-31 00:00:00
21412,4,2609,4093550007145784,2348000,0,2023-08-06 00:00:00
21413,2,1171,4093550007146866,151000,8900,2023-08-12 00:00:00
21414,4,1171,4093550007156678,492000,0,2024-05-26 00:00:00
21415,4,5409,4093550007158347,10449000,0,2024-10-08 00:00:00
21416,1,2162,4093550007160525,2283000,8900,2024-11-13 00:00:00
21417,4,2162,4093550007160815,1825000,0,2024-09-15 00:00:00
21418,4,2334,4093550007168170,333000,0,2023-08-27 00:00:00
21419,1,2334,4093550007170203,111080000,0,2023-11-13 00:00:00
21420,3,5539,4093550007174194,247843000,15000,2024-05-25 00:00:00
21421,4,9270,4093550007176679,2770000,0,2023-09-01 00:00:00
21422,1,9270,4093550007186478,4158000,8900,2024-03-30 00:00:00
21423,1,2193,4093550007191681,84923000,0,2023-01-25 00:00:00
21424,4,5440,4093550007197109,2965000,0,2024-11-11 00:00:00
21425,3,5440,4093550007200754,210722000,15000,2024-09-14 00:00:00
21426,3,4641,4093550007209298,1045792000,15000,2023-03-08 00:00:00
21427,1,4641,4093550007210445,95703000,0,2023-07-17 00:00:00
21428,4,4840,4093550007212764,5495000,0,2024-08-29 00:00:00
21429,4,5188,4093550007216113,494000,0,2023-11-15 00:00:00
21430,2,4795,4093550007219350,17356000,8900,2023-11-07 00:00:00
21431,3,7893,4093550007222650,157310000,15000,2024-02-12 00:00:00
21432,2,7893,4093550007230363,25759000,8900,2024-03-27 00:00:00
21433,3,4985,4093550007237465,427000,15000,2024-03-13 00:00:00
21434,1,1844,4093550007242384,46180000,8900,2024-04-19 00:00:00
21435,3,6610,4093550007248531,168637000,15000,2024-04-25 00:00:00
21436,4,6610,4093550007251638,143000,0,2023-01-05 00:00:00
21437,1,9602,4093550007259842,19818000,8900,2024-02-09 00:00:00
21438,3,9602,4093550007264886,395134000,15000,2024-10-18 00:00:00
21439,3,2426,4093550007266054,207399000,15000,2024-08-02 00:00:00
21440,2,2426,4093550007273203,77177000,8900,2023-09-19 00:00:00
21441,4,7401,4093550007281209,11039000,0,2024-03-10 00:00:00
21442,2,7401,4093550007285180,138338000,0,2024-05-04 00:00:00
21443,1,7956,4093550007291102,26547000,0,2024-11-28 00:00:00
21444,2,2266,4093550007300968,40670000,8900,2024-10-21 00:00:00
21445,3,7955,4093550007310572,1339000,15000,2024-03-13 00:00:00
21446,1,3806,4093550007315524,64164000,0,2023-04-02 00:00:00
21447,2,3806,4093550007321167,75250000,8900,2023-05-27 00:00:00
21448,3,1842,4093550007327688,47780000,15000,2023-01-02 00:00:00
21449,2,1842,4093550007334534,33072000,8900,2024-06-21 00:00:00
21450,3,2502,4093550007341595,120451000,15000,2024-12-21 00:00:00
21451,3,3345,4093550007349566,172739000,15000,2023-07-10 00:00:00
21452,1,4525,4093550007352560,26182000,0,2024-10-03 00:00:00
21453,4,4008,4093550007355282,4162000,0,2023-05-08 00:00:00
21454,1,8908,4093550007360888,1466000,0,2024-11-19 00:00:00
21455,2,8272,4093550007365248,188000,0,2024-06-18 00:00:00
21456,1,7629,4093550007373769,34650000,8900,2024-09-10 00:00:00
21457,3,7629,4093550007379390,656225000,15000,2023-11-19 00:00:00
21458,2,2405,4093550007385309,40507000,8900,2023-12-31 00:00:00
21459,1,2405,4093550007385360,36536000,8900,2024-04-12 00:00:00
21460,4,5079,4093550007387636,5638000,0,2024-12-17 00:00:00
21461,1,5172,4093550007391709,66532000,8900,2024-06-11 00:00:00
21462,2,5172,4093550007391761,3138000,8900,2024-10-15 00:00:00
21463,1,8867,4093550007397663,201000,8900,2023-08-28 00:00:00
21464,3,7397,4093550007398997,245682000,15000,2024-01-30 00:00:00
21465,1,7397,4093550007402194,14094000,0,2023-05-27 00:00:00
21466,3,9019,4093550007403621,393502000,15000,2023-04-29 00:00:00
21467,2,9019,4093550007412480,22347000,0,2023-09-04 00:00:00
21468,2,5573,4093550007413946,27094000,8900,2023-06-14 00:00:00
21469,1,2054,4093550007418540,67049000,0,2024-11-17 00:00:00
21470,4,2622,4093550007427298,9319000,0,2023-08-18 00:00:00
21471,2,2622,4093550007437140,38636000,8900,2023-03-08 00:00:00
21472,3,5310,4093550007443393,243417000,15000,2023-04-29 00:00:00
21473,4,5310,4093550007445218,3412000,0,2023-04-02 00:00:00
21474,4,9634,4093550007454921,8536000,0,2023-05-11 00:00:00
21475,2,6799,4093550007461151,32985000,8900,2024-02-02 00:00:00
21476,3,5017,4093550007467132,437560000,15000,2023-01-10 00:00:00
21477,3,1662,4093550007474679,548785000,15000,2024-05-26 00:00:00
21478,1,1662,4093550007477095,15868000,8900,2024-09-07 00:00:00
21479,2,5028,4093550007477658,12990000,8900,2023-10-08 00:00:00
21480,1,5028,4093550007481193,14379000,8900,2024-05-21 00:00:00
21481,2,2684,4093550007487365,92431000,0,2023-08-19 00:00:00
